-- MySQL dump 10.13  Distrib 5.5.34, for debian-linux-gnu (x86_64)
--
-- Host: localhost    Database: schedule_builder
-- ------------------------------------------------------
-- Server version	5.5.34-0ubuntu0.13.10.1

/*!40101 SET @OLD_CHARACTER_SET_CLIENT=@@CHARACTER_SET_CLIENT */;
/*!40101 SET @OLD_CHARACTER_SET_RESULTS=@@CHARACTER_SET_RESULTS */;
/*!40101 SET @OLD_COLLATION_CONNECTION=@@COLLATION_CONNECTION */;
/*!40101 SET NAMES utf8 */;
/*!40103 SET @OLD_TIME_ZONE=@@TIME_ZONE */;
/*!40103 SET TIME_ZONE='+00:00' */;
/*!40014 SET @OLD_UNIQUE_CHECKS=@@UNIQUE_CHECKS, UNIQUE_CHECKS=0 */;
/*!40014 SET @OLD_FOREIGN_KEY_CHECKS=@@FOREIGN_KEY_CHECKS, FOREIGN_KEY_CHECKS=0 */;
/*!40101 SET @OLD_SQL_MODE=@@SQL_MODE, SQL_MODE='NO_AUTO_VALUE_ON_ZERO' */;
/*!40111 SET @OLD_SQL_NOTES=@@SQL_NOTES, SQL_NOTES=0 */;

--
-- Table structure for table `auth_group`
--

DROP TABLE IF EXISTS `auth_group`;
/*!40101 SET @saved_cs_client     = @@character_set_client */;
/*!40101 SET character_set_client = utf8 */;
CREATE TABLE `auth_group` (
  `id` int(11) NOT NULL AUTO_INCREMENT,
  `name` varchar(80) NOT NULL,
  PRIMARY KEY (`id`),
  UNIQUE KEY `name` (`name`)
) ENGINE=InnoDB DEFAULT CHARSET=latin1;
/*!40101 SET character_set_client = @saved_cs_client */;

--
-- Dumping data for table `auth_group`
--

LOCK TABLES `auth_group` WRITE;
/*!40000 ALTER TABLE `auth_group` DISABLE KEYS */;
/*!40000 ALTER TABLE `auth_group` ENABLE KEYS */;
UNLOCK TABLES;

--
-- Table structure for table `auth_group_permissions`
--

DROP TABLE IF EXISTS `auth_group_permissions`;
/*!40101 SET @saved_cs_client     = @@character_set_client */;
/*!40101 SET character_set_client = utf8 */;
CREATE TABLE `auth_group_permissions` (
  `id` int(11) NOT NULL AUTO_INCREMENT,
  `group_id` int(11) NOT NULL,
  `permission_id` int(11) NOT NULL,
  PRIMARY KEY (`id`),
  UNIQUE KEY `group_id` (`group_id`,`permission_id`),
  KEY `auth_group_permissions_5f412f9a` (`group_id`),
  KEY `auth_group_permissions_83d7f98b` (`permission_id`),
  CONSTRAINT `group_id_refs_id_f4b32aac` FOREIGN KEY (`group_id`) REFERENCES `auth_group` (`id`),
  CONSTRAINT `permission_id_refs_id_6ba0f519` FOREIGN KEY (`permission_id`) REFERENCES `auth_permission` (`id`)
) ENGINE=InnoDB DEFAULT CHARSET=latin1;
/*!40101 SET character_set_client = @saved_cs_client */;

--
-- Dumping data for table `auth_group_permissions`
--

LOCK TABLES `auth_group_permissions` WRITE;
/*!40000 ALTER TABLE `auth_group_permissions` DISABLE KEYS */;
/*!40000 ALTER TABLE `auth_group_permissions` ENABLE KEYS */;
UNLOCK TABLES;

--
-- Table structure for table `auth_permission`
--

DROP TABLE IF EXISTS `auth_permission`;
/*!40101 SET @saved_cs_client     = @@character_set_client */;
/*!40101 SET character_set_client = utf8 */;
CREATE TABLE `auth_permission` (
  `id` int(11) NOT NULL AUTO_INCREMENT,
  `name` varchar(50) NOT NULL,
  `content_type_id` int(11) NOT NULL,
  `codename` varchar(100) NOT NULL,
  PRIMARY KEY (`id`),
  UNIQUE KEY `content_type_id` (`content_type_id`,`codename`),
  KEY `auth_permission_37ef4eb4` (`content_type_id`),
  CONSTRAINT `content_type_id_refs_id_d043b34a` FOREIGN KEY (`content_type_id`) REFERENCES `django_content_type` (`id`)
) ENGINE=InnoDB AUTO_INCREMENT=64 DEFAULT CHARSET=latin1;
/*!40101 SET character_set_client = @saved_cs_client */;

--
-- Dumping data for table `auth_permission`
--

LOCK TABLES `auth_permission` WRITE;
/*!40000 ALTER TABLE `auth_permission` DISABLE KEYS */;
INSERT INTO `auth_permission` VALUES (1,'Can add permission',1,'add_permission'),(2,'Can change permission',1,'change_permission'),(3,'Can delete permission',1,'delete_permission'),(4,'Can add group',2,'add_group'),(5,'Can change group',2,'change_group'),(6,'Can delete group',2,'delete_group'),(7,'Can add user',3,'add_user'),(8,'Can change user',3,'change_user'),(9,'Can delete user',3,'delete_user'),(10,'Can add content type',4,'add_contenttype'),(11,'Can change content type',4,'change_contenttype'),(12,'Can delete content type',4,'delete_contenttype'),(13,'Can add session',5,'add_session'),(14,'Can change session',5,'change_session'),(15,'Can delete session',5,'delete_session'),(16,'Can add site',6,'add_site'),(17,'Can change site',6,'change_site'),(18,'Can delete site',6,'delete_site'),(19,'Can add course',7,'add_course'),(20,'Can change course',7,'change_course'),(21,'Can delete course',7,'delete_course'),(22,'Can add course instance',8,'add_courseinstance'),(23,'Can change course instance',8,'change_courseinstance'),(24,'Can delete course instance',8,'delete_courseinstance'),(25,'Can add department',9,'add_department'),(26,'Can change department',9,'change_department'),(27,'Can delete department',9,'delete_department'),(28,'Can add major',10,'add_major'),(29,'Can change major',10,'change_major'),(30,'Can delete major',10,'delete_major'),(31,'Can add major department',11,'add_majordepartment'),(32,'Can change major department',11,'change_majordepartment'),(33,'Can delete major department',11,'delete_majordepartment'),(34,'Can add major requirement',12,'add_majorrequirement'),(35,'Can change major requirement',12,'change_majorrequirement'),(36,'Can delete major requirement',12,'delete_majorrequirement'),(37,'Can add professor',13,'add_professor'),(38,'Can change professor',13,'change_professor'),(39,'Can delete professor',13,'delete_professor'),(40,'Can add schedule',14,'add_schedule'),(41,'Can change schedule',14,'change_schedule'),(42,'Can delete schedule',14,'delete_schedule'),(43,'Can add schedule course instance',15,'add_schedulecourseinstance'),(44,'Can change schedule course instance',15,'change_schedulecourseinstance'),(45,'Can delete schedule course instance',15,'delete_schedulecourseinstance'),(46,'Can add section',16,'add_section'),(47,'Can change section',16,'change_section'),(48,'Can delete section',16,'delete_section'),(49,'Can add section professor',17,'add_sectionprofessor'),(50,'Can change section professor',17,'change_sectionprofessor'),(51,'Can delete section professor',17,'delete_sectionprofessor'),(52,'Can add section time',18,'add_sectiontime'),(53,'Can change section time',18,'change_sectiontime'),(54,'Can delete section time',18,'delete_sectiontime'),(55,'Can add student',19,'add_student'),(56,'Can change student',19,'change_student'),(57,'Can delete student',19,'delete_student'),(58,'Can add student course',20,'add_studentcourse'),(59,'Can change student course',20,'change_studentcourse'),(60,'Can delete student course',20,'delete_studentcourse'),(61,'Can add student major',21,'add_studentmajor'),(62,'Can change student major',21,'change_studentmajor'),(63,'Can delete student major',21,'delete_studentmajor');
/*!40000 ALTER TABLE `auth_permission` ENABLE KEYS */;
UNLOCK TABLES;

--
-- Table structure for table `auth_user`
--

DROP TABLE IF EXISTS `auth_user`;
/*!40101 SET @saved_cs_client     = @@character_set_client */;
/*!40101 SET character_set_client = utf8 */;
CREATE TABLE `auth_user` (
  `id` int(11) NOT NULL AUTO_INCREMENT,
  `password` varchar(128) NOT NULL,
  `last_login` datetime NOT NULL,
  `is_superuser` tinyint(1) NOT NULL,
  `username` varchar(30) NOT NULL,
  `first_name` varchar(30) NOT NULL,
  `last_name` varchar(30) NOT NULL,
  `email` varchar(75) NOT NULL,
  `is_staff` tinyint(1) NOT NULL,
  `is_active` tinyint(1) NOT NULL,
  `date_joined` datetime NOT NULL,
  PRIMARY KEY (`id`),
  UNIQUE KEY `username` (`username`)
) ENGINE=InnoDB AUTO_INCREMENT=2 DEFAULT CHARSET=latin1;
/*!40101 SET character_set_client = @saved_cs_client */;

--
-- Dumping data for table `auth_user`
--

LOCK TABLES `auth_user` WRITE;
/*!40000 ALTER TABLE `auth_user` DISABLE KEYS */;
INSERT INTO `auth_user` VALUES (1,'pbkdf2_sha256$12000$OfIp8TkUBzRI$r3qYhklKwg3huCaU1UYm1vko/MGnZDjFxoU5+PYqdn8=','2013-11-24 18:43:46',1,'zthompson','','','zgthompson@gmail.com',1,1,'2013-11-24 18:43:46');
/*!40000 ALTER TABLE `auth_user` ENABLE KEYS */;
UNLOCK TABLES;

--
-- Table structure for table `auth_user_groups`
--

DROP TABLE IF EXISTS `auth_user_groups`;
/*!40101 SET @saved_cs_client     = @@character_set_client */;
/*!40101 SET character_set_client = utf8 */;
CREATE TABLE `auth_user_groups` (
  `id` int(11) NOT NULL AUTO_INCREMENT,
  `user_id` int(11) NOT NULL,
  `group_id` int(11) NOT NULL,
  PRIMARY KEY (`id`),
  UNIQUE KEY `user_id` (`user_id`,`group_id`),
  KEY `auth_user_groups_6340c63c` (`user_id`),
  KEY `auth_user_groups_5f412f9a` (`group_id`),
  CONSTRAINT `group_id_refs_id_274b862c` FOREIGN KEY (`group_id`) REFERENCES `auth_group` (`id`),
  CONSTRAINT `user_id_refs_id_40c41112` FOREIGN KEY (`user_id`) REFERENCES `auth_user` (`id`)
) ENGINE=InnoDB DEFAULT CHARSET=latin1;
/*!40101 SET character_set_client = @saved_cs_client */;

--
-- Dumping data for table `auth_user_groups`
--

LOCK TABLES `auth_user_groups` WRITE;
/*!40000 ALTER TABLE `auth_user_groups` DISABLE KEYS */;
/*!40000 ALTER TABLE `auth_user_groups` ENABLE KEYS */;
UNLOCK TABLES;

--
-- Table structure for table `auth_user_user_permissions`
--

DROP TABLE IF EXISTS `auth_user_user_permissions`;
/*!40101 SET @saved_cs_client     = @@character_set_client */;
/*!40101 SET character_set_client = utf8 */;
CREATE TABLE `auth_user_user_permissions` (
  `id` int(11) NOT NULL AUTO_INCREMENT,
  `user_id` int(11) NOT NULL,
  `permission_id` int(11) NOT NULL,
  PRIMARY KEY (`id`),
  UNIQUE KEY `user_id` (`user_id`,`permission_id`),
  KEY `auth_user_user_permissions_6340c63c` (`user_id`),
  KEY `auth_user_user_permissions_83d7f98b` (`permission_id`),
  CONSTRAINT `permission_id_refs_id_35d9ac25` FOREIGN KEY (`permission_id`) REFERENCES `auth_permission` (`id`),
  CONSTRAINT `user_id_refs_id_4dc23c39` FOREIGN KEY (`user_id`) REFERENCES `auth_user` (`id`)
) ENGINE=InnoDB DEFAULT CHARSET=latin1;
/*!40101 SET character_set_client = @saved_cs_client */;

--
-- Dumping data for table `auth_user_user_permissions`
--

LOCK TABLES `auth_user_user_permissions` WRITE;
/*!40000 ALTER TABLE `auth_user_user_permissions` DISABLE KEYS */;
/*!40000 ALTER TABLE `auth_user_user_permissions` ENABLE KEYS */;
UNLOCK TABLES;

--
-- Table structure for table `course`
--

DROP TABLE IF EXISTS `course`;
/*!40101 SET @saved_cs_client     = @@character_set_client */;
/*!40101 SET character_set_client = utf8 */;
CREATE TABLE `course` (
  `id` int(11) NOT NULL,
  `subject` varchar(6) NOT NULL,
  `catalog_no` varchar(6) NOT NULL,
  `subject_no` varchar(12) NOT NULL,
  `title` varchar(50) NOT NULL,
  `units` varchar(6) NOT NULL,
  `ge_code` varchar(8) DEFAULT NULL,
  PRIMARY KEY (`id`)
) ENGINE=InnoDB DEFAULT CHARSET=latin1;
/*!40101 SET character_set_client = @saved_cs_client */;

--
-- Dumping data for table `course`
--

LOCK TABLES `course` WRITE;
/*!40000 ALTER TABLE `course` DISABLE KEYS */;
INSERT INTO `course` VALUES (1,'ANTH','200','ANTH200','Intro to Linguistic Anthro','3.00','GED5'),(2,'ANTH','201','ANTH201','Intro to Biological Anthro','3.00','GEB2'),(3,'ANTH','203','ANTH203','Intro to Cultural Anthro','3.00','GED1'),(4,'ANTH','302','ANTH302','Biological Basis of Sex Differ','4.00',''),(5,'ANTH','318','ANTH318','Human Dev: Sex & Life Cycle','3.00','GEE'),(6,'ANTH','326','ANTH326','Topics in Archaeology','4.00',''),(7,'ANTH','340','ANTH340','Living in our Globalized World','3.00','GEE'),(8,'ANTH','341','ANTH341','Emergence of Civilizations','3.00','GED2'),(9,'ANTH','358','ANTH358','Topics in Sociocultural Anth','4.00',''),(10,'ANTH','386','ANTH386','Sign Lang&Signng Communities','4.00',''),(11,'ANTH','401','ANTH401','SCURF Planning and Publication','1.00',''),(12,'ANTH','414','ANTH414','Primate Observational Methods','4.00',''),(13,'ANTH','451','ANTH451','Applied Ethnographic Methods','4.00',''),(14,'ANTH','502','ANTH502','Archaeology: History & Theory','3.00',''),(15,'ANTH','592','ANTH592','Practicum:Nat\'l Reg:Hist Place','2.00',''),(16,'ANTH','599A','ANTH599A','Thesis','2.00',''),(17,'ANTH','599B','ANTH599B','Thesis','2.00',''),(18,'CCJS','201','CCJS201','Criminal Justice&Public Policy','4.00','GED1'),(19,'CCJS','370','CCJS370','Seminar in Research Methods','4.00',''),(20,'CCJS','375','CCJS375','Curr Iss in Crimin & Crim Just','4.00',''),(21,'CCJS','399','CCJS399','Lecture Series','2.00',''),(22,'CCJS','404','CCJS404','Intro to Constitutional Law','4.00',''),(23,'CCJS','405','CCJS405','Rights of the Accused','4.00',''),(24,'CCJS','420','CCJS420','Seminar in Criminology','4.00',''),(25,'CCJS','430','CCJS430','Women and Crime','4.00',''),(26,'CCJS','450','CCJS450','Punishments and Corrections','4.00',''),(27,'CCJS','480','CCJS480','White Collar Crime','4.00',''),(28,'CCJS','490','CCJS490','Sr Sem in CCJS','4.00',''),(29,'CCJS','497','CCJS497','Juvenile Justice','4.00',''),(30,'COUN','501','COUN501','Coun Theor & Prof Orient','4.00',''),(31,'COUN','503','COUN503','Clin Diag & Treatm Planning','4.00',''),(32,'COUN','510B','COUN510B','Appl Coun Pract & Adv Techn','4.00',''),(33,'COUN','512','COUN512','Thry & Pract of Grp Couns','4.00',''),(34,'COUN','513','COUN513','Res, Eval & Assessm in Coun','4.00',''),(35,'COUN','514B','COUN514B','Sch Coun Sup Fld Expr II','4.00',''),(36,'COUN','515B','COUN515B','CMHC Supervised Field Exper II','4.00',''),(37,'COUN','521','COUN521','Sem:Pupil Per Svcs-Concpts&Org','4.00',''),(38,'COUN','523','COUN523','Working w/Families in School S','4.00',''),(39,'COUN','524','COUN524','Couns Children & Adolescents','4.00',''),(40,'COUN','526','COUN526','Group Counseling in Schools','4.00',''),(41,'COUN','570','COUN570','Sem: Multicultural Counseling','4.00',''),(42,'COUN','580','COUN580','Couples and Sexuality Counsel','4.00',''),(43,'COUN','582','COUN582','Psychopharmacology for Cnslrs','3.00',''),(44,'COUN','583','COUN583','Substance Abuse and Dependence','2.00',''),(45,'ENSP','200','ENSP200','Global Environmental Issues','3.00','GED5'),(46,'ENSP','202','ENSP202','Quantitative Methods:Env Studi','3.00',''),(47,'ENSP','302','ENSP302','Applied Ecology','4.00',''),(48,'ENSP','303','ENSP303','Applied Physical Science','4.00',''),(49,'ENSP','305L','ENSP305L','Computer-Aided Communications','3.00',''),(50,'ENSP','307','ENSP307','Environmental History','4.00',''),(51,'ENSP','310','ENSP310','Introduction to Planning','3.00',''),(52,'ENSP','311','ENSP311','Planning Theory & Methodology','4.00',''),(53,'ENSP','322','ENSP322','Conservation Biology','4.00',''),(54,'ENSP','324B','ENSP324B','Agroecology','2.00',''),(55,'ENSP','326B','ENSP326B','Native Plant Propagation','2.00',''),(56,'ENSP','401','ENSP401','U.S. Environmental Policy','4.00',''),(57,'ENSP','411B','ENSP411B','Planning Workshop','4.00',''),(58,'ENSP','415','ENSP415','Land Use Law','3.00',''),(59,'ENSP','418','ENSP418','Planning for Sustnble Commntie','3.00',''),(60,'ENSP','419','ENSP419','Transportation Planning','3.00',''),(61,'ENSP','425','ENSP425','Restoration Seminar','3.00',''),(62,'ENSP','430','ENSP430','Energy Forum','2.00',''),(63,'ENSP','438','ENSP438','Small Scale Energy Sources','4.00',''),(64,'ENSP','439L','ENSP439L','Comptr Apps in Enrgy Mgt Lab','3.00',''),(65,'ENSP','442','ENSP442','Methods/Models in Educ Environ','3.00',''),(66,'ENSP','497','ENSP497','Sr Seminar:Professional Prep','2.00',''),(67,'ENSP','498','ENSP498','Senr Sem:Issues in Prof Pract','1.00',''),(68,'GEOG','201','GEOG201','Global Environmental Systems','4.00','GEB1'),(69,'GEOG','203','GEOG203','Human Geography','3.00','GED2'),(70,'GEOG','302','GEOG302','World Regions in Global Contxt','4.00','GED5'),(71,'GEOG','312','GEOG312','Geographic Conferences','2.00',''),(72,'GEOG','317','GEOG317','Lab Methods in Phys Geography','2.00',''),(73,'GEOG','320','GEOG320','Geopolitics','4.00',''),(74,'GEOG','338','GEOG338','Social Geography','3.00','GEE'),(75,'GEOG','375','GEOG375','Natural Hazards','3.00',''),(76,'GEOG','380','GEOG380','Environmental Remote Sensing','4.00',''),(77,'GEOG','394','GEOG394','Africa South of the Sahara','4.00',''),(78,'GEOG','460','GEOG460','Lab Assistant in Geography','2.00',''),(79,'GEOG','490','GEOG490','Senior Seminar','4.00',''),(80,'GERN','300','GERN300','The Journey of Adulthood','3.00','GEE'),(81,'GERN','408','GERN408','Transitions in Adult Dev','4.00',''),(82,'GERN','421','GERN421','Psychology of Aging','4.00',''),(83,'GERN','422','GERN422','Living and Dying','4.00',''),(84,'GERN','493','GERN493','Narrative: Theories & Methods','4.00',''),(85,'GLBL','498','GLBL498','Capstone Seminar','4.00',''),(86,'HD','490','HD490','Senior Project','1.00',''),(87,'HIST','201','HIST201','Foundations World Civilization','3.00','GED2'),(88,'HIST','202','HIST202','Development of Modern World','3.00','GED2'),(89,'HIST','242','HIST242','Hist of AmericasSinceIndep','3.00','GED3'),(90,'HIST','251','HIST251','History of U.S. to 1877','3.00','GED3'),(91,'HIST','252','HIST252','History U.S. Since 1865','3.00','GED3'),(92,'HIST','342','HIST342','Modern Latin America','4.00',''),(93,'HIST','352','HIST352','AmerThght/Society,1865-Present','4.00',''),(94,'HIST','371','HIST371','Spec Top&Themes in Europe Hist','4.00',''),(95,'HIST','375','HIST375','Special Topics&Themes in Amer','4.00',''),(96,'HIST','376','HIST376','Spec Top&Themes in World Hist','4.00',''),(97,'HIST','377','HIST377','SpecTopic in Asian&PacificHist','4.00',''),(98,'HIST','380','HIST380','20th Century World','3.00','GED2'),(99,'HIST','401','HIST401','The Roman Empire','4.00',''),(100,'HIST','411','HIST411','Enlightenment to World War I','4.00',''),(101,'HIST','416','HIST416','Eastern Europe, 1918-1989','4.00',''),(102,'HIST','418','HIST418','Fall of European Communism','4.00',''),(103,'HIST','428','HIST428','Modern Britain 1714 - present','4.00',''),(104,'HIST','438','HIST438','Modern Japan','4.00',''),(105,'HIST','447','HIST447','Queer Theory, Queer Lives','4.00',''),(106,'HIST','471','HIST471','The American West','4.00',''),(107,'HIST','473','HIST473','California History II','4.00',''),(108,'HIST','477','HIST477','American Social History','4.00',''),(109,'HIST','496','HIST496','History Journal','2.00',''),(110,'HIST','498','HIST498','Senior Seminar','4.00',''),(111,'HIST','500','HIST500','Historical Methods','4.00',''),(112,'HIST','596','HIST596','Research & Teaching Assistant','1.00',''),(113,'HIST','598','HIST598','Comp Exam Reading&Research','3.00',''),(114,'HIST','599','HIST599','Masters Degree Thesis Research','6.00',''),(115,'POLS','151','POLS151','Credit by Exam:California Govt','1.00',''),(116,'POLS','200','POLS200','American Political System','3.00','GED4'),(117,'POLS','201','POLS201','Ideas and Institutions','4.00','GED5'),(118,'POLS','202','POLS202','Issues in Mod Amer Politics','4.00','GED4'),(119,'POLS','302','POLS302','Soc Science Res Methods','4.00',''),(120,'POLS','303','POLS303','Comparative Political Analysis','4.00',''),(121,'POLS','304','POLS304','Thry/Analysis Int\'l Relations','4.00',''),(122,'POLS','307','POLS307','Persp on the Holocaust & Genoc','4.00','GED5'),(123,'POLS','315','POLS315','Modern Political Ideologies','4.00','GED5'),(124,'POLS','345','POLS345','Model United Nations(MUN):','4.00',''),(125,'POLS','352','POLS352','Politics of Eastern Europe','4.00',''),(126,'POLS','390','POLS390','Special Topics','4.00',''),(127,'POLS','420','POLS420','American Political Development','4.00',''),(128,'POLS','423','POLS423','Intro to Constitutional Law','4.00',''),(129,'POLS','425','POLS425','The American Party System','4.00',''),(130,'POLS','448','POLS448','Poli Violence, Terrorism & Law','4.00',''),(131,'POLS','452','POLS452','Politics of Developing World','4.00',''),(132,'POLS','498','POLS498','Senior Seminar','4.00',''),(133,'POLS','502','POLS502','Organizatn\'l Theory & Analysis','4.00',''),(134,'POLS','503','POLS503','Budget&Fiscal Admin','2.00',''),(135,'POLS','503A','POLS503A','Public Finance','2.00',''),(136,'POLS','503B','POLS503B','Fiscl Mgt of Non-Proft Agncies','2.00',''),(137,'POLS','580','POLS580','Non-Prft Dyn:Pol&Commnty Envrn','2.00',''),(138,'POLS','585','POLS585','Mrkt & Pub Rel-Non-Profit','2.00',''),(139,'PSY','250','PSY250','Introduction to Psychology','3.00','GED1'),(140,'PSY','290','PSY290','Special Topics','4.00',''),(141,'PSY','302','PSY302','Life Span Development','3.00','GEE'),(142,'PSY','303','PSY303','The Person in Society','3.00','GED1'),(143,'PSY','306','PSY306','History of Modern Psychology','4.00',''),(144,'PSY','307','PSY307','Humanistc,Exstntial&Transp Psy','4.00',''),(145,'PSY','311','PSY311','Psychology Dialogue Series','1.00',''),(146,'PSY','313','PSY313','Careers in Psychology','2.00',''),(147,'PSY','322','PSY322','Myth, Dream and Symbol','4.00',''),(148,'PSY','325','PSY325','Social Psychology','4.00','GED1'),(149,'PSY','327','PSY327','Psychology of Organizations','4.00',''),(150,'PSY','328','PSY328','Cross-cultural Psychology','4.00',''),(151,'PSY','330','PSY330','Stereotyping and Prejudice','4.00',''),(152,'PSY','338','PSY338','Psychology of Creativity','4.00',''),(153,'PSY','358','PSY358','Health Psychology','4.00',''),(154,'PSY','360','PSY360','Peak Performance Psychology','4.00',''),(155,'PSY','380','PSY380','Psychological Research Methods','4.00',''),(156,'PSY','405','PSY405','The Psychology of Gender','4.00',''),(157,'PSY','408','PSY408','Transitions in Adult Dev','4.00',''),(158,'PSY','409','PSY409','Social & Emotional Development','4.00',''),(159,'PSY','410','PSY410','Child Development','4.00',''),(160,'PSY','411','PSY411','Behav\'l&Emot\'l Prblms ofChldrn','4.00',''),(161,'PSY','418','PSY418','The Psychology of Family','4.00',''),(162,'PSY','421','PSY421','Psychology of Aging','4.00',''),(163,'PSY','422','PSY422','Seminar in Living and Dying','4.00',''),(164,'PSY','425','PSY425','Abnormal Psychology','4.00',''),(165,'PSY','428','PSY428','Introduction to Counseling','4.00',''),(166,'PSY','431','PSY431','Introduction To Art Therapy','4.00',''),(167,'PSY','447','PSY447','Learning and Behavior','4.00',''),(168,'PSY','450','PSY450','Physiological Psychology','4.00',''),(169,'PSY','454','PSY454','Biofeed, Somatics&Stress Mgmnt','4.00',''),(170,'PSY','461','PSY461','Personality','4.00',''),(171,'PSY','466','PSY466','Jungian Psychology','4.00',''),(172,'PSY','481','PSY481','Research Internship','1.00',''),(173,'PSY','482','PSY482','Teaching Internship','1.00',''),(174,'PSY','483','PSY483','Advanced Teaching Internship','3.00',''),(175,'PSY','490','PSY490','Psychology Seminar','4.00',''),(176,'PSY','493','PSY493','Narrative: Theories & Methods','4.00',''),(177,'PSY','494','PSY494','Counseling Experience','1.00',''),(178,'SOCI','201','SOCI201','Introduction to Sociology','3.00','GED1'),(179,'SOCI','263','SOCI263','Sociol of Race and Ethnicity','4.00','GED1'),(180,'SOCI','300','SOCI300','Sociological Research Methods','4.00',''),(181,'SOCI','301','SOCI301','Statistics for Sociologists','4.00',''),(182,'SOCI','317','SOCI317','Emotions and Adult Life','4.00','GEE'),(183,'SOCI','326','SOCI326','Social Psychology','4.00','GED1'),(184,'SOCI','336','SOCI336','Investigative Sociology','4.00',''),(185,'SOCI','340','SOCI340','Drugs and Society','4.00',''),(186,'SOCI','345','SOCI345','Sociology of Families','4.00',''),(187,'SOCI','366','SOCI366','Juvenile Justice','4.00',''),(188,'SOCI','371','SOCI371','Sociology of Conspiracies','4.00',''),(189,'SOCI','375','SOCI375','Sociological Theory','4.00','GED1'),(190,'SOCI','425','SOCI425','Methods Sem: Urban Sociology','4.00',''),(191,'SOCI','431','SOCI431','Sociology of Religion','4.00','GEC2'),(192,'SOCI','435','SOCI435','Media Censorship','4.00',''),(193,'SOCI','440','SOCI440','Sociology of Reproduction','4.00',''),(194,'SOCI','443','SOCI443','Meth Sem:Women & Social Policy','4.00',''),(195,'SOCI','450','SOCI450','Punishments & Corrections','4.00',''),(196,'SOCI','461','SOCI461','Social Work & Social Welfare','4.00',''),(197,'SOCI','490','SOCI490','Teaching Assistant in Soci','1.00',''),(198,'SOCI','496','SOCI496','Internship Practicum','1.00',''),(199,'SOCI','498','SOCI498','Senior Seminar','4.00',''),(200,'SSCI','400','SSCI400','Portfolio Evaluation','3.00',''),(201,'WGS','280','WGS280','Women\'sBodies:Health&Image','4.00','GEE'),(202,'WGS','301','WGS301','Gender Studies Lecture Series','1.00',''),(203,'WGS','311','WGS311','Special Topics in Wom & Gender','1.00',''),(204,'WGS','350','WGS350','Gender, Sexuality & Family','4.00','GEE'),(205,'WGS','375','WGS375','Gender, Race and Class','3.00','GED1'),(206,'WGS','390','WGS390','Gender and Work','4.00',''),(207,'WGS','405','WGS405','Psychology of Gender','4.00',''),(208,'WGS','430','WGS430','Women and Crime','4.00',''),(209,'WGS','455','WGS455','Queer Theory, Queer Lives','4.00',''),(210,'WGS','485','WGS485','Senior Seminar','4.00',''),(211,'WGS','493','WGS493','Teaching Supervision','1.00',''),(212,'BUS','211','BUS211','Business Statistics','4.00',''),(213,'BUS','225','BUS225','Legal Environment of Business','4.00',''),(214,'BUS','230A','BUS230A','Financial Accounting','4.00',''),(215,'BUS','230B','BUS230B','Managerial Accounting','4.00',''),(216,'BUS','305W','BUS305W','Introduction to Wine Business','4.00',''),(217,'BUS','316','BUS316','Production Operations Mgt','4.00',''),(218,'BUS','319','BUS319','Intro to MIS','4.00',''),(219,'BUS','330A','BUS330A','Intermediate Accounting','4.00',''),(220,'BUS','330B','BUS330B','Intermediate Accounting','4.00',''),(221,'BUS','334','BUS334','Accounting Info Systems','4.00',''),(222,'BUS','340','BUS340','Survey of Hum Resrce Mgt','4.00',''),(223,'BUS','344','BUS344','Organizational Behavior','4.00',''),(224,'BUS','350','BUS350','Management','4.00',''),(225,'BUS','360','BUS360','Intro to Marketing','4.00',''),(226,'BUS','362','BUS362','Services Marketing','4.00',''),(227,'BUS','364','BUS364','Sports Marketing','4.00',''),(228,'BUS','367','BUS367','Consumer Behavior','4.00',''),(229,'BUS','368','BUS368','International Marketing','4.00',''),(230,'BUS','370','BUS370','Intro Managerial Finance','4.00',''),(231,'BUS','391','BUS391','Cross Cult Comm & Negotiation','4.00',''),(232,'BUS','399A','BUS399A','Adv. Work Experience in Acctng','3.00',''),(233,'BUS','399F','BUS399F','Adv Work Experience in Finance','3.00',''),(234,'BUS','399MK','BUS399MK','Adv Work Experience in Mrktng','3.00',''),(235,'BUS','399W','BUS399W','Adv Wrk Exper:Wine Bus Strats','3.00',''),(236,'BUS','430','BUS430','Advanced Accounting','4.00',''),(237,'BUS','433A','BUS433A','Individual Taxation','4.00',''),(238,'BUS','433B','BUS433B','Corporation & Estate Taxation','4.00',''),(239,'BUS','437','BUS437','Governmental Accounting','4.00',''),(240,'BUS','446','BUS446','Gov Reg&Hum Resources','4.00',''),(241,'BUS','452','BUS452','Leadership','4.00',''),(242,'BUS','462','BUS462','Marketing Research','4.00',''),(243,'BUS','467W','BUS467W','Wine E-Commerce & Direct Sales','4.00',''),(244,'BUS','468','BUS468','Marketing Decision Making','4.00',''),(245,'BUS','469','BUS469','Marketing Management','4.00',''),(246,'BUS','470','BUS470','Managerial Finance','4.00',''),(247,'BUS','472','BUS472','Investments','4.00',''),(248,'BUS','474','BUS474','Computer Apps in Finance','4.00',''),(249,'BUS','476','BUS476','Risk Management and Insurance','4.00',''),(250,'BUS','491','BUS491','Seminar Mgmt Strategy & Policy','4.00',''),(251,'BUS','499MG','BUS499MG','Internship in Management','4.00',''),(252,'BUS','535','BUS535','Cost Analysis and Control','3.00',''),(253,'BUS','540','BUS540','Managing Human Capital','3.00',''),(254,'BUS','563','BUS563','Strategic Branding','3.00',''),(255,'BUS','592','BUS592','Entrprnrship&NewVent Creation','3.00',''),(256,'ECON','204','ECON204','Intro to Macroeconomics','4.00','GED5'),(257,'ECON','205','ECON205','Intro to Microeconomics','4.00','GED1'),(258,'ECON','217','ECON217','Statistics for Economics & Bus','4.00',''),(259,'ECON','303','ECON303','International Economics','4.00',''),(260,'ECON','304','ECON304','Interm Macroeconomic Theory','4.00',''),(261,'ECON','305','ECON305','Interm Microeconomic Theory','4.00',''),(262,'ECON','317','ECON317','Introduction to Econometrics','4.00',''),(263,'ECON','330','ECON330','Game Theory','4.00',''),(264,'ECON','375','ECON375','Money and Banking','4.00',''),(265,'ECON','403C','ECON403C','Seminar in Internat\'l Finance','4.00',''),(266,'ECON','494','ECON494','Special Topics in Economics','4.00',''),(267,'ECON','496','ECON496','Tutoring Economics','2.00',''),(268,'AMCS','200','AMCS200','Written and Oral Analysis','3.00','GEA1'),(269,'AMCS','225','AMCS225','How Racism Works: Amer in B&W','4.00','GEC2'),(270,'AMCS','260','AMCS260','Ethn in Arts, Culture, & Med','4.00','GEC1'),(271,'AMCS','350','AMCS350','Ethics,Values&Multiculturalsm','4.00','GEC2'),(272,'AMCS','360','AMCS360','Ethnic Literature','4.00','GEC2'),(273,'AMCS','392','AMCS392','Ethnic Images in Film&Media','4.00','GEC1'),(274,'AMCS','475','AMCS475','Globalization and Race in U.S.','4.00',''),(275,'AMCS','480','AMCS480','Research and Methodology','4.00',''),(276,'ARTH','160B','ARTH160B','Humanities Learning Community','4.00','GE02'),(277,'ARTH','199','ARTH199','Student-Instructed Course','1.00',''),(278,'ARTH','210','ARTH210','Intro to Art History','4.00','GEC1'),(279,'ARTH','211','ARTH211','Intro to Art History','4.00','GEC1'),(280,'ARTH','300','ARTH300','Graded Assistance Projects','2.00',''),(281,'ARTH','312','ARTH312','Principles of Arts Management','3.00',''),(282,'ARTH','422','ARTH422','Greek Art','3.00',''),(283,'ARTH','464','ARTH464','Hist of Mod Art-20th Century','4.00','GEC1'),(284,'ARTH','466','ARTH466','Contemporary Art','3.00',''),(285,'ARTH','474','ARTH474','Islamic Art','3.00',''),(286,'ARTH','480','ARTH480','Selected Topics in Art History','4.00',''),(287,'ARTS','103','ARTS103','Safety and Shop Practices','1.00',''),(288,'ARTS','104','ARTS104','Studio Art Foundations','4.00',''),(289,'ARTS','202','ARTS202','Beginning Drawing','2.00',''),(290,'ARTS','204','ARTS204','Beginning Life Drawing','2.00',''),(291,'ARTS','208','ARTS208','Basic Black&White Photog','3.00',''),(292,'ARTS','220','ARTS220','Beginning Painting','2.00',''),(293,'ARTS','229','ARTS229','Beginning Ceramics','3.00',''),(294,'ARTS','236','ARTS236','Beginning Sculpture','3.00',''),(295,'ARTS','245','ARTS245','Beginning Printmaking','2.00',''),(296,'ARTS','300','ARTS300','Graded Assistance Projects','2.00',''),(297,'ARTS','301','ARTS301','Assistance Projects','1.00',''),(298,'ARTS','302','ARTS302','Intermediate Drawing','3.00',''),(299,'ARTS','310','ARTS310','Digital Imaging','3.00',''),(300,'ARTS','320','ARTS320','Intermediate Painting','3.00',''),(301,'ARTS','329','ARTS329','Intermediate Ceramics','3.00',''),(302,'ARTS','336','ARTS336','Intermediate Sculpture','3.00',''),(303,'ARTS','340','ARTS340','Intermediate Etching & Woodcut','3.00',''),(304,'ARTS','342','ARTS342','Intermediate Lithography','3.00',''),(305,'ARTS','402','ARTS402','Advanced Drawing','2.00',''),(306,'ARTS','420','ARTS420','Advanced Painting','3.00',''),(307,'ARTS','429','ARTS429','Advanced Ceramics','3.00',''),(308,'ARTS','436','ARTS436','Advanced Sculpture','3.00',''),(309,'ARTS','440','ARTS440','Advanced Etching and Woodcut','3.00',''),(310,'ARTS','442','ARTS442','Advanced Lithography','3.00',''),(311,'ARTS','457','ARTS457','Advanced Photography','3.00',''),(312,'ARTS','465','ARTS465','BFA Seminar','1.00',''),(313,'ARTS','491','ARTS491','Visiting Artists\' Lec Series','1.00','GEC1'),(314,'ARTS','497','ARTS497','Directed Field Res Experience','2.00',''),(315,'ARTS','498','ARTS498','Selected Topics in Art Studio','1.00',''),(316,'CALS','160B','CALS160B','Humanities Learning Community','4.00','GE02'),(317,'CALS','214','CALS214','Literature in Translation','4.00','GEC2'),(318,'CALS','219','CALS219','The Latino Experience','3.00','GED1'),(319,'CALS','220','CALS220','Latina/o Arts and Humanities','4.00','GEC3'),(320,'CALS','350','CALS350','Latino Cultural Studies','4.00',''),(321,'CALS','352','CALS352','Chicano/Latino Philosophy','4.00','GEC2'),(322,'CALS','365','CALS365','Chicano/Latino Theatre','1.00',''),(323,'CALS','368','CALS368','Chicano/Latino Music','4.00','GEC1'),(324,'CALS','374','CALS374','Latino Literature','4.00','GEC2'),(325,'CALS','393','CALS393','Chicano/Latino Cinema','4.00','GEC1'),(326,'CALS','398','CALS398','MEChA','1.00',''),(327,'CALS','403','CALS403','Chicano/Latino Youth&Adolscnts','4.00','GEE'),(328,'CALS','451','CALS451','Latina/o Humanisms','4.00','GEC3'),(329,'COMS','160B','COMS160B','Humanities Learning Community','4.00','GE02'),(330,'COMS','200','COMS200','Principles of Mass Communicati','4.00',''),(331,'COMS','202','COMS202','Methods of Media Criticism','4.00',''),(332,'COMS','210','COMS210','Writing for the Media','4.00',''),(333,'COMS','240','COMS240','Intro to Public Relations','4.00',''),(334,'COMS','265','COMS265','Intro to Radio Broadcasting','4.00',''),(335,'COMS','301','COMS301','Mass Com Theory and Research','4.00',''),(336,'COMS','302','COMS302','Media Ethics','4.00',''),(337,'COMS','321','COMS321','International Communication','4.00',''),(338,'COMS','340','COMS340','Advanced Public Relations','4.00',''),(339,'COMS','368','COMS368','Newspaper Wrtng/Edtng(STAR)','4.00',''),(340,'COMS','369','COMS369','SSU-TV','4.00',''),(341,'COMS','385','COMS385','Media Lab: Radio (KSUN)','4.00',''),(342,'COMS','402','COMS402','Senior Seminar','4.00',''),(343,'COMS','435','COMS435','Seminar in Mass Media','4.00',''),(344,'COMS','460','COMS460','Teaching Assistant in COMS','4.00',''),(345,'ENGL','099T','ENGL099T','Basic Composition-Tutoring','1.00',''),(346,'ENGL','100B','ENGL100B','First-Year Composition','3.00','GEA2'),(347,'ENGL','101','ENGL101','Expos Writing&Analytic Reading','4.00','GEA2'),(348,'ENGL','160B','ENGL160B','Humanities Learning Community','4.00','GE02'),(349,'ENGL','203','ENGL203','Intro Linguistic Studies','4.00','GED1'),(350,'ENGL','207','ENGL207','Intro to Creative Writing','4.00','GEC1'),(351,'ENGL','214','ENGL214','Literature of the World','4.00','GEC2'),(352,'ENGL','236','ENGL236','Later British & American Lit.','4.00',''),(353,'ENGL','301','ENGL301','Literary Analysis: Seminar','4.00',''),(354,'ENGL','303','ENGL303','Special Studies in Composition','2.00',''),(355,'ENGL','315','ENGL315','California Ethnic Literature','4.00','GEC2'),(356,'ENGL','318','ENGL318','Introduction to Poetry Writing','4.00',''),(357,'ENGL','339','ENGL339','Intro to Shakespeare','4.00',''),(358,'ENGL','368','ENGL368','Small Press Editing: ZAUM','4.00',''),(359,'ENGL','375','ENGL375','Advanced Composition','4.00',''),(360,'ENGL','379','ENGL379','Struc Engl:Pedagogical Grammar','4.00',''),(361,'ENGL','401','ENGL401','Intro-Modern Critical Theory','4.00',''),(362,'ENGL','407','ENGL407','Advanced Fiction Writing','4.00',''),(363,'ENGL','430','ENGL430','Creative Writing:Select Genres','4.00',''),(364,'ENGL','435','ENGL435','Directed Writing','4.00',''),(365,'ENGL','460','ENGL460','Teaching Assistant in English','3.00',''),(366,'ENGL','462','ENGL462','Research Assistant in English','1.00',''),(367,'ENGL','481','ENGL481','Studies in British Literature','4.00',''),(368,'ENGL','482','ENGL482','Studies in American Literature','4.00',''),(369,'ENGL','484','ENGL484','Individual Authors: English','4.00',''),(370,'ENGL','492','ENGL492','Reading and Responding to Lit','4.00',''),(371,'ENGL','494','ENGL494','Advanced Survey','4.00',''),(372,'ENGL','496','ENGL496','English Educ. Capstone Seminar','4.00',''),(373,'ENGL','535','ENGL535','Directed Writing','3.00',''),(374,'ENGL','581','ENGL581','Seminar: British Literature','4.00',''),(375,'ENGL','582','ENGL582','Seminar: American Literature','4.00',''),(376,'ENGL','587','ENGL587','Seminar: Rhetorical Theory','4.00',''),(377,'ENGL','599','ENGL599','Thesis & Accomp Dir Reading','3.00',''),(378,'FR','101','FR101','First Semester French','4.00','GEC3'),(379,'FR','101L','FR101L','Language Laboratory','1.00',''),(380,'FR','102','FR102','Second Semester French','4.00','GEC3'),(381,'FR','102L','FR102L','Language Laboratory','1.00',''),(382,'FR','202','FR202','Oral French','4.00','GEC3'),(383,'FR','314','FR314','French Lit in Engl Translation','4.00','GEC2'),(384,'FR','410','FR410','French Literature','4.00','GEC3'),(385,'FR','475','FR475','Senior Seminar','4.00','GEC3'),(386,'GER','101','GER101','1st Semester-The Personal Wrld','4.00','GEC3'),(387,'GER','101L','GER101L','Language Laboratory','1.00',''),(388,'GER','102','GER102','2nd Semester-Contemporary Ger','4.00','GEC3'),(389,'GER','102L','GER102L','Language Laboratory','1.00',''),(390,'GER','210','GER210','Intermed German - Through Film','4.00','GEC3'),(391,'GER','210L','GER210L','Language Laboratory','1.00',''),(392,'GER','300','GER300','Advanced German Studies','4.00','GEC3'),(393,'LIBS','102','LIBS102','In Search of Self','12.00',''),(394,'LIBS','202','LIBS202','Challenge&Response inMod World','12.00',''),(395,'LIBS','208','LIBS208','Practices of Culture','4.00','GEC1'),(396,'LIBS','302','LIBS302','Intro to Liberal Studies','3.00',''),(397,'LIBS','320A','LIBS320A','Elective Seminar Core A','3.00',''),(398,'LIBS','320B','LIBS320B','Elective Seminar Core B','3.00',''),(399,'LIBS','320C','LIBS320C','Elective Seminar Core C','3.00',''),(400,'LIBS','320D','LIBS320D','Elective Seminar Core D','3.00','GEE'),(401,'LIBS','327','LIBS327','Literacy Language & Pedagogy','3.00',''),(402,'LIBS','330','LIBS330','The Child in Question','3.00',''),(403,'LIBS','341','LIBS341','Zephyr Publication','1.00',''),(404,'LIBS','399','LIBS399','Student Instructed Course','2.00',''),(405,'LIBS','402','LIBS402','Senior Synthesis','4.00',''),(406,'LIBS','403','LIBS403','Senior Synthesis - Study Away','4.00',''),(407,'LIBS','480','LIBS480','Seminar Facilitation','1.00',''),(408,'MLL','161B','MLL161B','Critical Encounters Lang/Cultr','2.00','GEA3'),(409,'MUS','110','MUS110','Theory I: Diatonicism','3.00',''),(410,'MUS','120','MUS120','Ear Training I','2.00',''),(411,'MUS','123','MUS123','Woodwind Methods','1.00',''),(412,'MUS','134','MUS134','Private Instruction-Woodwinds','1.00',''),(413,'MUS','137','MUS137','Private Instruction-Brass','1.00',''),(414,'MUS','138','MUS138','Private Instruction-Percussion','1.00',''),(415,'MUS','139','MUS139','Private Instruction-Keyboard','1.00',''),(416,'MUS','143','MUS143','Private Instruction-Guitar','1.00',''),(417,'MUS','149','MUS149','Rehearsal Observation Series','1.00','GEC1'),(418,'MUS','150','MUS150','Survey of U.S. Music','3.00','GEC1'),(419,'MUS','151','MUS151','Repertory Class-Private Instr','1.00',''),(420,'MUS','160B','MUS160B','Humanities Learning Community','4.00','GE02'),(421,'MUS','209','MUS209','Intensive Keyboard Lab II','2.00',''),(422,'MUS','252','MUS252','Hist of WesternMus1750-present','3.00',''),(423,'MUS','289','MUS289','Jazz Improvisation II','3.00',''),(424,'MUS','309B','MUS309B','Keyboard Proficiency Lab','1.00',''),(425,'MUS','320','MUS320','Ear-Training III','2.00',''),(426,'MUS','323','MUS323','Chamber Singers','1.00',''),(427,'MUS','325','MUS325','Symphonic Chorus','1.00',''),(428,'MUS','326','MUS326','Guitar Ensemble','1.00',''),(429,'MUS','327','MUS327','Symphonic Wind Ensemble','1.00',''),(430,'MUS','328','MUS328','String Orchestra','1.00',''),(431,'MUS','329','MUS329','Chamber Music Ensembles','1.00',''),(432,'MUS','330','MUS330','Musical Theatre Production','1.00',''),(433,'MUS','343','MUS343','Studies in Musical Genres','3.00','GEC1'),(434,'MUS','376','MUS376','Chamber Wind Ensemble','1.00',''),(435,'MUS','377','MUS377','Brass Ensemble','1.00',''),(436,'MUS','378','MUS378','Percussion Ensemble','1.00',''),(437,'MUS','379','MUS379','Latin Jazz Band','1.00',''),(438,'MUS','390','MUS390','Jazz Orchestra','1.00',''),(439,'MUS','391','MUS391','Concert Jazz Ensemble','1.00',''),(440,'MUS','392','MUS392','Jazz Piano II','1.00',''),(441,'MUS','399','MUS399','Student Instructed Course','1.00',''),(442,'MUS','403','MUS403','InstrumentalConducting&Methods','3.00',''),(443,'MUS','423','MUS423','Woodwind Methods','1.00',''),(444,'MUS','425','MUS425','Composers Forum','1.00',''),(445,'MUS','426','MUS426','Jazz Forum','1.00',''),(446,'MUS','433','MUS433','Private Instruction-Strings','1.00',''),(447,'MUS','434','MUS434','Private Instruction-Woodwinds','1.00',''),(448,'MUS','437','MUS437','Private Instruction-Brass','1.00',''),(449,'MUS','438','MUS438','Private Instruction-Percussion','1.00',''),(450,'MUS','439','MUS439','Private Instruction-Keyboard','1.00',''),(451,'MUS','440','MUS440','Vocal/Instru Proficiency Jury','1.00',''),(452,'MUS','443','MUS443','Private Instruction-Guitar','1.00',''),(453,'MUS','445','MUS445','Prvt Instruction-Composition','1.00',''),(454,'MUS','447','MUS447','Applied Music Studies','1.00',''),(455,'MUS','451','MUS451','Repertory Class-Priv Instruct','1.00',''),(456,'MUS','489','MUS489','Jazz Improvisation IV','3.00',''),(457,'MUS','490','MUS490','Senior Project','2.00',''),(458,'MUS','491','MUS491','Senior Recital','2.00',''),(459,'NAMS','165','NAMS165','Native Cultures of No. Calif.','4.00','GEC2'),(460,'NAMS','205','NAMS205','Intro to Native American Arts','4.00','GEC1'),(461,'NAMS','354','NAMS354','Native American Literatures','4.00','GEC2'),(462,'PHIL','101','PHIL101','Critical Thinking','4.00','GEA3'),(463,'PHIL','102','PHIL102','Introduction to Logic','4.00','GEA3'),(464,'PHIL','120','PHIL120','Introduction to Philosophy','4.00','GEC2'),(465,'PHIL','160B','PHIL160B','Humanities Learning Community','4.00','GE02'),(466,'PHIL','165B','PHIL165B','Humanities Learning Community','4.00','GE02'),(467,'PHIL','204','PHIL204','Applied Ethics','4.00',''),(468,'PHIL','302','PHIL302','Ethics and Value Theory:','4.00','GEC2'),(469,'PHIL','306','PHIL306','Contemporary Topics in Phil','4.00',''),(470,'PHIL','307','PHIL307','Philosophical Figures','4.00',''),(471,'PHIL','375','PHIL375','Philosophy of Law','4.00',''),(472,'PHIL','400','PHIL400','Senior Seminar','4.00',''),(473,'PHIL','470','PHIL470','Teaching Asstnt in Philosophy','3.00',''),(474,'SPAN','102','SPAN102','Basic Spanish, 2nd Semester','4.00',''),(475,'SPAN','102L','SPAN102L','Language Laboratory','1.00',''),(476,'SPAN','201','SPAN201','Interm Spanish, 1st Sem','4.00','GEC3'),(477,'SPAN','201L','SPAN201L','Language Laboratory','1.00',''),(478,'SPAN','202','SPAN202','Interm Spanish, 2nd Sem','4.00','GEC3'),(479,'SPAN','202L','SPAN202L','Language Laboratory','1.00',''),(480,'SPAN','300','SPAN300','Advanced Spanish Language','4.00','GEC3'),(481,'SPAN','301','SPAN301','Adv Composition & Conversation','4.00','GEC3'),(482,'SPAN','304','SPAN304','Intro to Spanish Linguistics','4.00',''),(483,'SPAN','305','SPAN305','Introduction to Literature','4.00','GEC3'),(484,'SPAN','307','SPAN307','Cultures of Latin America','4.00','GEC3'),(485,'SPAN','400','SPAN400','Special Topics in Linguistics','4.00','GEC3'),(486,'SPAN','402','SPAN402','Latin American Literature','4.00','GEC3'),(487,'SPAN','491','SPAN491','Seminar in Literature','4.00','GEC3'),(488,'THAR','105','THAR105','Technical Theatre Workshop','1.00',''),(489,'THAR','110','THAR110','Dance Fundamentals','1.00',''),(490,'THAR','115','THAR115','Dance Styles','1.00',''),(491,'THAR','116','THAR116','Acting Styles:Comedy Improv','1.00',''),(492,'THAR','120B','THAR120B','Acting Funds for Acting Majors','2.00',''),(493,'THAR','143A','THAR143A','Stagecraft','2.00',''),(494,'THAR','143B','THAR143B','Costumes','2.00',''),(495,'THAR','145B','THAR145B','Speech for the Actor','1.00',''),(496,'THAR','160B','THAR160B','Humanities Learning Community','4.00','GE02'),(497,'THAR','199','THAR199','Student Instructed Course','1.00',''),(498,'THAR','203','THAR203','Intro Hist Drma&Dnce:1800-Pres','4.00','GEC1'),(499,'THAR','210','THAR210','Contemporary Dance I','2.00',''),(500,'THAR','211','THAR211','Contemporary Dance II','2.00',''),(501,'THAR','212','THAR212','Contemporary Dance Level III','2.00',''),(502,'THAR','213','THAR213','Contemporary Dance Level IV','2.00',''),(503,'THAR','220B','THAR220B','Acting: Characterization','2.00',''),(504,'THAR','231','THAR231','Stage Management','1.00',''),(505,'THAR','244','THAR244','Scene Painting','2.00',''),(506,'THAR','261','THAR261','Ballet II','1.00',''),(507,'THAR','300','THAR300','Theatre in Action','3.00','GEC1'),(508,'THAR','302','THAR302','Drama Ensemble Workshop','1.00',''),(509,'THAR','303','THAR303','Technical Theatre Workshop','2.00',''),(510,'THAR','304','THAR304','Production Dramaturgy','1.00',''),(511,'THAR','310B','THAR310B','Intermediate Dance Block','5.00',''),(512,'THAR','320B','THAR320B','Intermediate Acting Block','5.00',''),(513,'THAR','321B','THAR321B','Intermediate Technical Block','2.00',''),(514,'THAR','330','THAR330','Musical Theatre Production','1.00',''),(515,'THAR','340','THAR340','Choreography II','2.00',''),(516,'THAR','344B','THAR344B','Design for the Stage','3.00',''),(517,'THAR','370B','THAR370B','Modern Plays:Evol&Innovation','3.00',''),(518,'THAR','371B','THAR371B','History of Dance B','3.00',''),(519,'THAR','374','THAR374','Theatre of the World','4.00','GEC3'),(520,'THAR','379','THAR379','Research Pract: Theatre&Dance','3.00',''),(521,'THAR','410B','THAR410B','Advanced Dance Block','2.00',''),(522,'THAR','420B','THAR420B','Advanced Acting Block','5.00',''),(523,'THAR','421B','THAR421B','Adv Technical Block/Foundation','2.00',''),(524,'THAR','460','THAR460','Drama for Children','2.00',''),(525,'THAR','480','THAR480','Coordinated Projects','1.00',''),(526,'EDCT','556','EDCT556','Technology,Pedagogy & Society','3.00',''),(527,'EDCT','557','EDCT557','Project Mgt for Educ Tech','3.00',''),(528,'EDCT','586','EDCT586','Tch&Lrn:Rsrch&Application-Clsr','3.00',''),(529,'EDEC','201','EDEC201','Foundations of Early Care & Ed','4.00',''),(530,'EDEC','237','EDEC237','Creat Environmt for Yng Childr','4.00',''),(531,'EDEC','270','EDEC270','Families & Children Divrs Soc','4.00',''),(532,'EDEC','331','EDEC331','Studying Children in Context','4.00',''),(533,'EDEC','420','EDEC420','Child Dev Fam, Sch&Community','3.00','GEE'),(534,'EDEC','435','EDEC435','Ldrshp Behalf Chldr & Families','4.00',''),(535,'EDEC','437','EDEC437','Inte Curr in Early Chldhd Clss','4.00',''),(536,'EDEC','478','EDEC478','Early Childhood Studies Portfo','1.00',''),(537,'EDEC','538','EDEC538','Dev ofLang&Thnkng:Infncy-MidCl','3.00',''),(538,'EDEL','580B','EDEL580B','Adv Educ Ldrs & School Mgmt','3.00',''),(539,'EDEL','581','EDEL581','Mgt Educ Personnel:Pol&Proc','3.00',''),(540,'EDEL','583','EDEL583','School Law','3.00',''),(541,'EDEL','587B','EDEL587B','Advanced Field Exper in Admin','3.00',''),(542,'EDEL','588','EDEL588','Educ Curr, Instr/Prog Assmnt','3.00',''),(543,'EDMS','200','EDMS200','Being a Teacher in Today\'s Sch','2.00',''),(544,'EDMS','411','EDMS411','Teaching Second Lang Learners','3.00',''),(545,'EDMS','463','EDMS463','Tch Reading and Lang Arts','3.00',''),(546,'EDMS','464','EDMS464','Read to Struggling&Older Read','3.00',''),(547,'EDMS','470','EDMS470','Multicultural Pedagogy','3.00',''),(548,'EDMS','471','EDMS471','Tch Soc Sci:Multicultural Soci','3.00',''),(549,'EDMS','474','EDMS474','Mathematics in Elementary Sch','3.00',''),(550,'EDMS','475','EDMS475','Science in the Elementary Sch','3.00',''),(551,'EDMS','476F','EDMS476F','Participant Observation','3.00',''),(552,'EDMS','476S','EDMS476S','Participant Observation Sem','2.00',''),(553,'EDMS','482F','EDMS482F','Student Teaching and Seminar','10.00',''),(554,'EDMS','482S','EDMS482S','Student Teaching Seminar','2.00',''),(555,'EDRL','522','EDRL522','Assessment/Tchng Rdng/Lang Art','3.00',''),(556,'EDRL','523','EDRL523','Curriculum Dev Language/Lit','3.00',''),(557,'EDRL','529','EDRL529','Eval in Rdng/Lang Arts Program','3.00',''),(558,'EDSP','400','EDSP400','Foundations of Special Educ','3.00',''),(559,'EDSP','421A','EDSP421A','Prac Suprt Stds w/Div Lrn Need','3.00',''),(560,'EDSP','421B','EDSP421B','Early Field Placement','1.00',''),(561,'EDSP','421C','EDSP421C','Using Education/Assistive Tech','1.00',''),(562,'EDSP','421D','EDSP421D','Healthy Learners & School Envi','1.00',''),(563,'EDSP','428','EDSP428','Pro Sem:Topics-Mod/Severe','5.00',''),(564,'EDSP','433','EDSP433','Teaching Adolescents w/Sp Ed','3.00',''),(565,'EDSP','460','EDSP460','Teaching Event Seminar','4.00',''),(566,'EDSP','465','EDSP465','Practicum:Mild/Mod Disabilitie','9.00',''),(567,'EDSP','467','EDSP467','Practicum:Mod/Severe Disabilit','9.00',''),(568,'EDSP','481','EDSP481','Intern Practicum/Seminar','4.00',''),(569,'EDSP','490A','EDSP490A','Educ Students w/Autis Spec Dis','3.00',''),(570,'EDSP','490B','EDSP490B','Autism Spec Disorder:Sem/Fldwk','2.00',''),(571,'EDSP','514','EDSP514','Adv Comm Collb&Conslt:Sp Educ','3.00',''),(572,'EDSP','515','EDSP515','Adv Legal Issues in Spec Educ','3.00',''),(573,'EDSS','418','EDSS418','Learning & Dev in Adolescents','3.00',''),(574,'EDSS','442','EDSS442','Tchng in Multicultural Setting','4.00',''),(575,'EDSS','443A','EDSS443A','Observ/Part in Multicult Setng','2.00',''),(576,'EDSS','443B','EDSS443B','Sem:Clsroom Mgmt & Field Exper','3.00',''),(577,'EDSS','446','EDSS446','Lang Lit Curr: Mid/Sec School','4.00',''),(578,'EDSS','458','EDSS458','Student Tch: Multicult Setting','12.00',''),(579,'EDSS','459','EDSS459','Seminar: Secondary Stdnt Tchrs','4.00',''),(580,'EDTE','541','EDTE541','Advanced Pedagogical Grammar','3.00',''),(581,'EDTE','542','EDTE542','Teaching Multilingual Writers','3.00',''),(582,'EDTE','543','EDTE543','Practicum in Teaching ESL','3.00',''),(583,'EDUC','250','EDUC250','Teaching in a Changing World','3.00',''),(584,'EDUC','295','EDUC295','Community Involvement Program','1.00',''),(585,'EDUC','417','EDUC417','School and Society','3.00','GED1'),(586,'EDUC','570','EDUC570','The Reflective Educator','3.00',''),(587,'EDUC','571','EDUC571','Res Paradigms in Educ','3.00',''),(588,'EDUC','572','EDUC572','Superv Study Cognate Project','3.00',''),(589,'EDUC','578','EDUC578','Project Continuation','1.00',''),(590,'EDUC','599','EDUC599','Supervised Res for Thesis/Proj','3.00',''),(591,'ASTR','100','ASTR100','Descriptive Astronomy','3.00','GEB1'),(592,'ASTR','231','ASTR231','Intro Observational Astronomy','2.00','GEB1'),(593,'ASTR','331','ASTR331','Astronomical Imaging','2.00',''),(594,'ASTR','350','ASTR350','Cosmology','3.00','GEB3'),(595,'ASTR','380','ASTR380','Astrophysics: Stars','3.00',''),(596,'BIOL','110','BIOL110','Biological Inquiry','4.00','GEB2'),(597,'BIOL','115','BIOL115','Introduction to Biology','3.00','GEB2'),(598,'BIOL','120B','BIOL120B','Scientific Reasoning in Biol','2.00','GEA3'),(599,'BIOL','123','BIOL123','Molecular and Cell Biology','4.00','GEB2'),(600,'BIOL','130B','BIOL130B','Biological Diversity & Ecology','4.00','GEB2'),(601,'BIOL','220','BIOL220','Human Anatomy','4.00','GEB3'),(602,'BIOL','224','BIOL224','Human Physiology','4.00','GEB3'),(603,'BIOL','240','BIOL240','General Microbiology','4.00',''),(604,'BIOL','318','BIOL318','Biology of Aging','3.00','GEE'),(605,'BIOL','323','BIOL323','Entomology','4.00',''),(606,'BIOL','328','BIOL328','Vertebrate Evolutionary Morpho','4.00',''),(607,'BIOL','335','BIOL335','Marine Ecology','4.00',''),(608,'BIOL','338','BIOL338','Environmental Micro & Biotech','4.00',''),(609,'BIOL','349','BIOL349','Animal Physiology','4.00',''),(610,'BIOL','383','BIOL383','Virology','4.00',''),(611,'BIOL','390','BIOL390','Biology Colloquium','1.00',''),(612,'BIOL','472','BIOL472','Developmental Biology','4.00',''),(613,'BIOL','497','BIOL497','Selected Topics','3.00',''),(614,'BIOL','500S','BIOL500S','Graduate Seminar','2.00',''),(615,'BIOL','590','BIOL590','Biology Colloquium','1.00',''),(616,'BIOL','599','BIOL599','M.S. Thesis','3.00',''),(617,'CHEM','102','CHEM102','Chemistry and Society','3.00','GEB1'),(618,'CHEM','115A','CHEM115A','General Chemistry','5.00','GEB1'),(619,'CHEM','115B','CHEM115B','General Chemistry','5.00','GEB1'),(620,'CHEM','120B','CHEM120B','Thinking Like a Scientist','2.00','GEA3'),(621,'CHEM','125B','CHEM125B','Quantitative General Chemistry','5.00','GEB1'),(622,'CHEM','255','CHEM255','Quantitative Analysis','4.00',''),(623,'CHEM','310B','CHEM310B','Fundamentals of Physical Chem','3.00',''),(624,'CHEM','316','CHEM316','Research Methods in Chemistry','2.00',''),(625,'CHEM','325','CHEM325','Inorganic Chemistry','3.00',''),(626,'CHEM','335A','CHEM335A','Organic Chemistry','3.00',''),(627,'CHEM','335B','CHEM335B','Organic Chemistry','3.00',''),(628,'CHEM','336A','CHEM336A','Organic Chemistry Lab I','2.00',''),(629,'CHEM','336B','CHEM336B','Organic Chemistry Lab II','2.00',''),(630,'CHEM','397','CHEM397','Chemistry Practicum','1.00',''),(631,'CHEM','401','CHEM401','Senior Integrated Lab','3.00',''),(632,'CHEM','402','CHEM402','Adv.Synthesis&Instrument Analy','3.00',''),(633,'CHEM','441','CHEM441','Biochemical Methods','3.00',''),(634,'CHEM','446','CHEM446','Metabolic Biochemistry','3.00',''),(635,'CHEM','494','CHEM494','Undergraduate Research','1.00',''),(636,'CHEM','496','CHEM496','Selected Topics in Chemistry','4.00',''),(637,'CHEM','497','CHEM497','Research Seminar','1.00',''),(638,'CS','101','CS101','Intro Computers & Computing','3.00','GEB3'),(639,'CS','115','CS115','Programming I','4.00','GEB3'),(640,'CS','115W','CS115W','Programming I Workshop','1.00',''),(641,'CS','210','CS210','Introduction to Unix','1.00',''),(642,'CS','215','CS215','Programming II','4.00',''),(643,'CS','242','CS242','Discrete Structures for CS','4.00',''),(644,'CS','252','CS252','Intro to Computer Organization','4.00',''),(645,'CS','315','CS315','Data Structures','4.00',''),(646,'CS','330','CS330','Intro to Game Programming','3.00',''),(647,'CS','340','CS340','Computer Security and Malware','3.00',''),(648,'CS','351','CS351','Computer Architecture','4.00',''),(649,'CS','355','CS355','Database Mgt System Design','4.00',''),(650,'CS','370','CS370','Software Design & Development','4.00',''),(651,'CS','390','CS390','Computer Science Colloquium','1.00',''),(652,'CS','415','CS415','Algorithm Analysis','4.00',''),(653,'CS','470','CS470','Advanced Software Design Proj','3.00',''),(654,'CS','480','CS480','Artificial Intelligence','3.00',''),(655,'CS','496','CS496','Senior Research Project','3.00',''),(656,'ES','101A','ES101A','Communication in Digital Age','3.00','GEB3'),(657,'ES','101B','ES101B','Communication:Digital Age Lab','1.00','GEB3'),(658,'ES','110','ES110','Intro to Engineering&Lab Exper','2.00',''),(659,'ES','112','ES112','Fundam of Digital Logic Design','1.00',''),(660,'ES','210','ES210','Digital Circuits & Logic Des','4.00',''),(661,'ES','220','ES220','Electric Circuits','3.00',''),(662,'ES','221','ES221','Electric Circuits Laboratory','1.00',''),(663,'ES','230','ES230','Electronics I','3.00',''),(664,'ES','231','ES231','Electronics I Laboratory','1.00',''),(665,'ES','310','ES310','Microprocessors&System Design','4.00',''),(666,'ES','430','ES430','Electromagnetic Theory&Apps','3.00',''),(667,'ES','442','ES442','Analog and Digital Comm','4.00',''),(668,'ES','480','ES480','Artificial Intelligence','3.00',''),(669,'ES','485','ES485','Selected Topic in Engr Science','3.00',''),(670,'ES','493','ES493','Senior Design Project','3.00',''),(671,'ES','497','ES497','Engineering Science Colloquium','1.00',''),(672,'GEOL','102','GEOL102','Our Dynamic Earth: Intro Geol','3.00','GEB1'),(673,'GEOL','105','GEOL105','The Age of Dinosaurs','3.00','GEB1'),(674,'GEOL','110','GEOL110','Natural Disasters','3.00','GEB3'),(675,'GEOL','301','GEOL301','Nat Hist of the Hawaiian Isle','3.00','GEB3'),(676,'GEOL','303','GEOL303','Advanced Principles of Geology','4.00','GEB3'),(677,'GEOL','304','GEOL304','Geologic Mapping&Rpt Writing','1.00',''),(678,'GEOL','307','GEOL307','Igneous&Metamorphic Petrology','4.00',''),(679,'GEOL','308','GEOL308','Ign&Metamrph Petrlgy Fld Crs','1.00',''),(680,'GEOL','309','GEOL309','Computer Applications in Geol','4.00',''),(681,'GEOL','310','GEOL310','Geophysics','4.00',''),(682,'GEOL','311','GEOL311','Sedimentary Geology','4.00',''),(683,'GEOL','312','GEOL312','Sedimentary Geology Fld Crs','1.00',''),(684,'GEOL','323','GEOL323','Hydrology','3.00',''),(685,'GEOL','420','GEOL420','Integrative Field Experience','4.00',''),(686,'GEOL','426B','GEOL426B','Senior Thesis II','3.00',''),(687,'KIN','101','KIN101','Physical Education Activities','1.00',''),(688,'KIN','201','KIN201','Foundations of Kinesiology','3.00',''),(689,'KIN','217','KIN217','Personal Fitness and Wellness','3.00','GEE'),(690,'KIN','242','KIN242','Musculoskeletal Injuries','3.00',''),(691,'KIN','301','KIN301','Hist&Phil of Human Movement','4.00',''),(692,'KIN','305','KIN305','Psych Bases of Human Movmnt','4.00',''),(693,'KIN','308','KIN308','Educational Gymnastics','1.00',''),(694,'KIN','309','KIN309','Rhythms and Dance','1.00',''),(695,'KIN','311','KIN311','Selected Topics','3.00',''),(696,'KIN','315','KIN315','Sociology of Sport','3.00',''),(697,'KIN','350','KIN350','Biomechanics','4.00',''),(698,'KIN','360','KIN360','Physiology of Exercise','4.00',''),(699,'KIN','371','KIN371','Intercollegiate Baseball, Men','2.00',''),(700,'KIN','372','KIN372','Intercoll Basketball, Men','2.00',''),(701,'KIN','376','KIN376','Intercollegiate Tennis, Men','2.00',''),(702,'KIN','378','KIN378','Intercollegiate Golf - Men','2.00',''),(703,'KIN','381','KIN381','Intercoll Basketball, Women','2.00',''),(704,'KIN','384','KIN384','Intercoll Softball, Women','2.00',''),(705,'KIN','385','KIN385','Intercollegiate Tennis, Women','2.00',''),(706,'KIN','386','KIN386','Intercollegiate Golf, Women','2.00',''),(707,'KIN','388','KIN388','Intercollegiate W Water Polo','2.00',''),(708,'KIN','400','KIN400','Elementary School PE','3.00',''),(709,'KIN','403','KIN403','Ethics,Inclusion&Equity Coach','3.00',''),(710,'KIN','410','KIN410','Lifespan Motor Development','3.00',''),(711,'KIN','426','KIN426','Individualized Assmt&ProgDesn','4.00',''),(712,'KIN','427','KIN427','Indiv w/Disabilities:Educ/Rec','3.00',''),(713,'KIN','430B','KIN430B','Field Exp in Interdis Studies','1.00',''),(714,'KIN','430D','KIN430D','Fld Exp in Exercise Science','2.00',''),(715,'KIN','442','KIN442','Musculoskeletal Evaluation','4.00',''),(716,'KIN','446','KIN446','Exercise Instruction','3.00',''),(717,'KIN','460','KIN460','Cond for Performance &Health','3.00',''),(718,'KIN','505','KIN505','Sem: Psy Bases of Hu Movement','3.00',''),(719,'KIN','520','KIN520','Pedagogical Methods','3.00',''),(720,'KIN','578','KIN578','Project Continuation','3.00',''),(721,'MATH','045','MATH045','Intermediate Algebra','4.00',''),(722,'MATH','103','MATH103','Ethnomathematics','3.00','GEB4'),(723,'MATH','104','MATH104','Intro to Modern Mathematics','3.00','GEB4'),(724,'MATH','111','MATH111','Symmetry in the Arts &Sciences','3.00','GEB4'),(725,'MATH','131','MATH131','Intro to Finite Mathematics','3.00','GEB4'),(726,'MATH','150','MATH150','Modern Geometry','3.00','GEB4'),(727,'MATH','160','MATH160','Precalculus Mathematics','4.00','GEB4'),(728,'MATH','160W','MATH160W','Precalculus Workshop','1.00',''),(729,'MATH','161','MATH161','Differential & Integral Calc I','4.00','GEB4'),(730,'MATH','161W','MATH161W','Calculus I Workshop','1.00',''),(731,'MATH','161X','MATH161X','Different & Integral Calc 1 Ex','6.00','GEB4'),(732,'MATH','165','MATH165','Elementary Applied Statistics','4.00','GEB4'),(733,'MATH','175','MATH175','Mathematics Colloquium','1.00',''),(734,'MATH','211','MATH211','Differential &Integral Calc II','4.00',''),(735,'MATH','211S','MATH211S','Calculus II-S','2.00',''),(736,'MATH','211W','MATH211W','Calculus II Workshop','1.00',''),(737,'MATH','220','MATH220','Higher Math: An Introduction','3.00',''),(738,'MATH','241','MATH241','Dif.Equations w/Linear Algebra','4.00',''),(739,'MATH','261','MATH261','Multivariable Calculus','4.00',''),(740,'MATH','265','MATH265','Interm Applied Statistics:SPSS','4.00',''),(741,'MATH','300A','MATH300A','Elementary Number Systems','3.00',''),(742,'MATH','300B','MATH300B','Data, Chance and Algebra','3.00',''),(743,'MATH','306','MATH306','Number Theory','3.00',''),(744,'MATH','310','MATH310','History of Mathematics','3.00',''),(745,'MATH','316','MATH316','Graph Theory and Combinatorics','3.00',''),(746,'MATH','322','MATH322','Linear Algebra','3.00',''),(747,'MATH','331','MATH331','Differential Equations II','3.00',''),(748,'MATH','340','MATH340','Real Analysis I','4.00',''),(749,'MATH','360','MATH360','Intro to Complex Variables','3.00',''),(750,'MATH','367','MATH367','Stats Consulting&Communication','2.00',''),(751,'MATH','375','MATH375','M*A*T*H Colloquium','1.00',''),(752,'MATH','381','MATH381','Computing for Statistics: SAS','2.00',''),(753,'MATH','399','MATH399','Practicum in Mathematics','1.00',''),(754,'MATH','416','MATH416','Graph Theory and Combinatorics','3.00',''),(755,'MATH','420','MATH420','Modern Algebra II','3.00',''),(756,'MATH','431','MATH431','Partl Diff Eq & Lin Transforms','3.00',''),(757,'MATH','445','MATH445','Math Stats &Operation Research','4.00',''),(758,'MATH','467','MATH467','Stats Consulting & Project Mgt','2.00',''),(759,'MATH','490','MATH490','Capstone Seminar','1.00',''),(760,'NURS','302','NURS302','Nursing Care Adult Client II','6.00',''),(761,'NURS','304','NURS304','Psychiatric & Mental Health N','6.00',''),(762,'NURS','310','NURS310','Nursing Research Evid Based Pr','3.00',''),(763,'NURS','410','NURS410','Nursing, Power, Policy & Polit','5.00',''),(764,'NURS','412','NURS412','Com/Public Health Nursing Lect','3.00',''),(765,'NURS','412L','NURS412L','Comm/Publ Hlth Nurs Lab','2.00',''),(766,'NURS','414','NURS414','Clinical Nursing Preceptorship','5.00',''),(767,'NURS','416','NURS416','Appl of Baccalaureate Perspect','3.00',''),(768,'NURS','480','NURS480','Health, Sexuality, and Society','3.00','GEE'),(769,'NURS','509','NURS509','Advanced Health Assessment','4.00',''),(770,'NURS','540A','NURS540A','Pathophys Concept Prim Cr I','3.00',''),(771,'NURS','550A','NURS550A','Clinical Practice in Prim Cr I','4.00',''),(772,'NURS','550C','NURS550C','Clinical Practice Prim Cr III','4.00',''),(773,'NURS','552','NURS552','Pharmacology in Primary Care','3.00',''),(774,'NURS','562','NURS562','Adv Practice Prim Care Syst','4.00',''),(775,'NURS','564','NURS564','Hlth Policy & Advocacy Prim Cr','4.00',''),(776,'NURS','566','NURS566','Culminating Experience','2.00',''),(777,'PHYS','100','PHYS100','Descriptive Physics','3.00','GEB1'),(778,'PHYS','102','PHYS102','Descriptive Physics Lab','1.00','GEB1'),(779,'PHYS','114','PHYS114','Intro to Physics I','4.00','GEB1'),(780,'PHYS','114W','PHYS114W','Physics I Workshop','1.00',''),(781,'PHYS','116','PHYS116','Intro lab Experience','1.00','GEB1'),(782,'PHYS','209A','PHYS209A','General Physics Lab','1.00','GEB1'),(783,'PHYS','209B','PHYS209B','General Physics lab','1.00','GEB1'),(784,'PHYS','210A','PHYS210A','General Physics','3.00','GEB1'),(785,'PHYS','210B','PHYS210B','General Physics','3.00','GEB1'),(786,'PHYS','214','PHYS214','Intro to Physics II','4.00',''),(787,'PHYS','216','PHYS216','Introductory Laboratory','1.00',''),(788,'PHYS','313','PHYS313','Electronics','3.00',''),(789,'PHYS','313L','PHYS313L','Electronics Laboratory','1.00',''),(790,'PHYS','314','PHYS314','Intro to Physics III','4.00',''),(791,'PHYS','320','PHYS320','Analytical Mechanics','3.00',''),(792,'PHYS','340','PHYS340','Light and Optics','3.00',''),(793,'PHYS','366','PHYS366','Intermediate Experimental Phys','3.00',''),(794,'PHYS','430','PHYS430','Electricity and Magnetism','3.00',''),(795,'PHYS','492','PHYS492','Instructional Design Project','2.00',''),(796,'PHYS','494','PHYS494','Physics Seminar','1.00',''),(797,'PHYS','497','PHYS497','Undergraduate Res in Physics','2.00',''),(798,'SCI','120B','SCI120B','A Watershed Year','6.00','GE04'),(799,'IP','100F','IP100F','International Study Abroad','12.00',''),(800,'ITDS','498','ITDS498','Internship','2.00',''),(801,'UNIV','103S','UNIV103S','Learn Strat: Supplmntl Instr','1.00',''),(802,'UNIV','150B','UNIV150B','FYE:Identity&Global Challenges','4.00','GEC3'),(803,'UNIV','199','UNIV199','Student to Student Lect Series','1.00',''),(804,'UNIV','238','UNIV238','Foundations of Leadership','3.00','GEE'),(805,'','','','','','');
/*!40000 ALTER TABLE `course` ENABLE KEYS */;
UNLOCK TABLES;

--
-- Table structure for table `course_instance`
--

DROP TABLE IF EXISTS `course_instance`;
/*!40101 SET @saved_cs_client     = @@character_set_client */;
/*!40101 SET character_set_client = utf8 */;
CREATE TABLE `course_instance` (
  `id` int(11) NOT NULL,
  `course_id` int(11) NOT NULL,
  PRIMARY KEY (`id`),
  KEY `course_id` (`course_id`),
  CONSTRAINT `course_instance_ibfk_1` FOREIGN KEY (`course_id`) REFERENCES `course` (`id`) ON DELETE CASCADE ON UPDATE CASCADE
) ENGINE=InnoDB DEFAULT CHARSET=latin1;
/*!40101 SET character_set_client = @saved_cs_client */;

--
-- Dumping data for table `course_instance`
--

LOCK TABLES `course_instance` WRITE;
/*!40000 ALTER TABLE `course_instance` DISABLE KEYS */;
INSERT INTO `course_instance` VALUES (1,1),(2,2),(3,2),(4,3),(5,4),(6,5),(7,6),(8,7),(9,8),(10,9),(11,10),(12,11),(13,12),(14,13),(15,14),(16,15),(17,16),(18,16),(19,16),(20,17),(21,17),(22,18),(23,18),(24,18),(25,19),(26,19),(27,20),(28,20),(29,21),(30,22),(31,22),(32,23),(33,24),(34,24),(35,25),(36,26),(37,27),(38,28),(39,28),(40,29),(41,30),(42,31),(43,32),(44,32),(45,32),(46,32),(47,32),(48,33),(49,34),(50,35),(51,36),(52,36),(53,36),(54,37),(55,38),(56,39),(57,40),(58,41),(59,42),(60,43),(61,44),(62,45),(63,45),(64,46),(65,47),(66,48),(67,49),(68,50),(69,51),(70,52),(71,53),(72,53),(73,54),(74,55),(75,56),(76,57),(77,58),(78,59),(79,60),(80,61),(81,62),(82,63),(83,64),(84,65),(85,66),(86,67),(87,68),(88,68),(89,68),(90,68),(91,68),(92,68),(93,69),(94,69),(95,69),(96,70),(97,71),(98,72),(99,73),(100,74),(101,75),(102,76),(103,77),(104,78),(105,79),(106,80),(107,80),(108,81),(109,82),(110,83),(111,84),(112,85),(113,86),(114,86),(115,87),(116,88),(117,88),(118,88),(119,89),(120,90),(121,90),(122,90),(123,90),(124,91),(125,91),(126,91),(127,91),(128,91),(129,91),(130,92),(131,93),(132,94),(133,95),(134,96),(135,96),(136,97),(137,98),(138,99),(139,100),(140,101),(141,102),(142,103),(143,104),(144,105),(145,106),(146,107),(147,108),(148,109),(149,110),(150,110),(151,111),(152,112),(153,113),(154,114),(155,115),(156,116),(157,116),(158,116),(159,116),(160,116),(161,116),(162,116),(163,116),(164,116),(165,116),(166,117),(167,118),(168,119),(169,120),(170,121),(171,122),(172,122),(173,122),(174,122),(175,123),(176,123),(177,124),(178,125),(179,126),(180,127),(181,128),(182,129),(183,130),(184,131),(185,132),(186,133),(187,134),(188,135),(189,136),(190,137),(191,138),(192,139),(193,139),(194,139),(195,140),(196,140),(197,141),(198,141),(199,141),(200,142),(201,143),(202,143),(203,144),(204,144),(205,145),(206,146),(207,147),(208,148),(209,148),(210,149),(211,150),(212,151),(213,152),(214,153),(215,154),(216,155),(217,156),(218,157),(219,158),(220,159),(221,160),(222,161),(223,162),(224,163),(225,164),(226,165),(227,165),(228,166),(229,167),(230,168),(231,169),(232,170),(233,171),(234,172),(235,173),(236,173),(237,173),(238,173),(239,174),(240,174),(241,175),(242,175),(243,175),(244,175),(245,175),(246,175),(247,175),(248,175),(249,176),(250,177),(251,178),(252,178),(253,178),(254,178),(255,178),(256,178),(257,178),(258,178),(259,178),(260,178),(261,179),(262,180),(263,180),(264,180),(265,181),(266,182),(267,183),(268,183),(269,184),(270,185),(271,186),(272,187),(273,188),(274,189),(275,189),(276,189),(277,189),(278,190),(279,191),(280,191),(281,192),(282,193),(283,194),(284,195),(285,196),(286,197),(287,198),(288,198),(289,199),(290,199),(291,199),(292,199),(293,200),(294,201),(295,201),(296,202),(297,203),(298,203),(299,204),(300,205),(301,206),(302,207),(303,208),(304,209),(305,210),(306,211),(307,212),(308,212),(309,213),(310,213),(311,214),(312,214),(313,215),(314,215),(315,215),(316,215),(317,215),(318,216),(319,217),(320,217),(321,217),(322,218),(323,218),(324,218),(325,218),(326,219),(327,219),(328,220),(329,220),(330,221),(331,222),(332,223),(333,223),(334,224),(335,225),(336,226),(337,226),(338,227),(339,228),(340,228),(341,229),(342,230),(343,230),(344,230),(345,231),(346,232),(347,233),(348,234),(349,235),(350,236),(351,237),(352,238),(353,239),(354,240),(355,241),(356,242),(357,243),(358,244),(359,245),(360,245),(361,246),(362,247),(363,248),(364,249),(365,250),(366,250),(367,250),(368,250),(369,250),(370,251),(371,252),(372,253),(373,254),(374,255),(375,256),(376,256),(377,256),(378,257),(379,257),(380,257),(381,258),(382,259),(383,260),(384,261),(385,262),(386,263),(387,264),(388,265),(389,266),(390,266),(391,266),(392,267),(393,268),(394,269),(395,270),(396,270),(397,271),(398,271),(399,272),(400,273),(401,274),(402,275),(403,276),(404,276),(405,276),(406,277),(407,277),(408,278),(409,279),(410,280),(411,281),(412,282),(413,283),(414,284),(415,285),(416,286),(417,286),(418,286),(419,287),(420,288),(421,289),(422,290),(423,291),(424,292),(425,293),(426,294),(427,295),(428,296),(429,297),(430,298),(431,299),(432,300),(433,301),(434,302),(435,303),(436,304),(437,305),(438,306),(439,307),(440,308),(441,309),(442,310),(443,311),(444,312),(445,313),(446,314),(447,315),(448,315),(449,316),(450,316),(451,316),(452,317),(453,318),(454,319),(455,320),(456,321),(457,321),(458,322),(459,323),(460,324),(461,325),(462,326),(463,327),(464,328),(465,329),(466,329),(467,329),(468,330),(469,331),(470,332),(471,333),(472,334),(473,335),(474,336),(475,337),(476,338),(477,339),(478,340),(479,341),(480,342),(481,343),(482,344),(483,345),(484,346),(485,346),(486,346),(487,346),(488,346),(489,346),(490,346),(491,346),(492,346),(493,346),(494,346),(495,346),(496,346),(497,346),(498,346),(499,346),(500,346),(501,346),(502,346),(503,346),(504,346),(505,346),(506,346),(507,346),(508,347),(509,347),(510,347),(511,347),(512,347),(513,347),(514,347),(515,347),(516,347),(517,347),(518,347),(519,347),(520,347),(521,347),(522,347),(523,347),(524,347),(525,347),(526,348),(527,348),(528,348),(529,348),(530,348),(531,348),(532,349),(533,350),(534,351),(535,352),(536,353),(537,353),(538,354),(539,355),(540,356),(541,357),(542,358),(543,359),(544,360),(545,361),(546,362),(547,363),(548,364),(549,364),(550,365),(551,365),(552,366),(553,367),(554,367),(555,368),(556,369),(557,370),(558,371),(559,372),(560,373),(561,373),(562,373),(563,374),(564,375),(565,376),(566,377),(567,377),(568,378),(569,379),(570,380),(571,381),(572,382),(573,383),(574,384),(575,385),(576,386),(577,387),(578,388),(579,389),(580,390),(581,391),(582,392),(583,393),(584,393),(585,393),(586,393),(587,393),(588,394),(589,394),(590,394),(591,394),(592,394),(593,395),(594,396),(595,396),(596,396),(597,397),(598,397),(599,397),(600,398),(601,398),(602,398),(603,399),(604,399),(605,400),(606,400),(607,400),(608,401),(609,401),(610,402),(611,403),(612,404),(613,405),(614,406),(615,407),(616,408),(617,409),(618,410),(619,411),(620,412),(621,412),(622,413),(623,414),(624,415),(625,415),(626,416),(627,417),(628,418),(629,419),(630,419),(631,420),(632,420),(633,420),(634,421),(635,421),(636,422),(637,423),(638,424),(639,424),(640,425),(641,426),(642,427),(643,428),(644,429),(645,430),(646,431),(647,431),(648,432),(649,432),(650,432),(651,433),(652,434),(653,435),(654,436),(655,437),(656,438),(657,439),(658,440),(659,441),(660,442),(661,443),(662,444),(663,445),(664,446),(665,447),(666,447),(667,447),(668,447),(669,448),(670,449),(671,449),(672,450),(673,450),(674,451),(675,452),(676,453),(677,454),(678,455),(679,455),(680,456),(681,457),(682,458),(683,459),(684,459),(685,459),(686,459),(687,460),(688,461),(689,462),(690,462),(691,462),(692,462),(693,462),(694,462),(695,462),(696,462),(697,462),(698,462),(699,463),(700,463),(701,463),(702,464),(703,464),(704,465),(705,465),(706,465),(707,466),(708,466),(709,466),(710,467),(711,468),(712,469),(713,470),(714,471),(715,472),(716,473),(717,474),(718,475),(719,476),(720,477),(721,478),(722,479),(723,480),(724,481),(725,482),(726,483),(727,484),(728,485),(729,486),(730,487),(731,488),(732,489),(733,490),(734,491),(735,492),(736,493),(737,494),(738,495),(739,496),(740,496),(741,496),(742,496),(743,496),(744,497),(745,498),(746,499),(747,500),(748,501),(749,502),(750,503),(751,504),(752,505),(753,506),(754,507),(755,508),(756,508),(757,508),(758,509),(759,509),(760,510),(761,511),(762,512),(763,513),(764,514),(765,515),(766,516),(767,517),(768,518),(769,519),(770,520),(771,521),(772,521),(773,522),(774,523),(775,524),(776,525),(777,525),(778,525),(779,526),(780,527),(781,528),(782,529),(783,530),(784,531),(785,532),(786,533),(787,533),(788,533),(789,533),(790,533),(791,533),(792,534),(793,535),(794,536),(795,537),(796,538),(797,539),(798,540),(799,541),(800,542),(801,543),(802,544),(803,544),(804,545),(805,545),(806,546),(807,546),(808,547),(809,547),(810,547),(811,547),(812,548),(813,548),(814,549),(815,549),(816,550),(817,550),(818,551),(819,552),(820,552),(821,553),(822,554),(823,555),(824,556),(825,557),(826,558),(827,559),(828,560),(829,561),(830,562),(831,563),(832,564),(833,564),(834,565),(835,566),(836,567),(837,568),(838,569),(839,570),(840,571),(841,572),(842,573),(843,573),(844,574),(845,575),(846,576),(847,577),(848,578),(849,579),(850,579),(851,579),(852,580),(853,581),(854,582),(855,583),(856,583),(857,584),(858,585),(859,585),(860,585),(861,585),(862,585),(863,585),(864,586),(865,587),(866,588),(867,589),(868,590),(869,591),(870,591),(871,591),(872,592),(873,593),(874,594),(875,595),(876,596),(877,596),(878,596),(879,596),(880,596),(881,596),(882,596),(883,596),(884,596),(885,596),(886,597),(887,597),(888,597),(889,598),(890,598),(891,599),(892,599),(893,599),(894,599),(895,600),(896,600),(897,600),(898,600),(899,600),(900,600),(901,600),(902,601),(903,601),(904,601),(905,601),(906,602),(907,602),(908,603),(909,603),(910,603),(911,604),(912,604),(913,605),(914,605),(915,606),(916,607),(917,607),(918,608),(919,609),(920,609),(921,609),(922,610),(923,610),(924,611),(925,612),(926,612),(927,613),(928,614),(929,614),(930,615),(931,616),(932,617),(933,617),(934,617),(935,618),(936,618),(937,618),(938,618),(939,619),(940,619),(941,619),(942,619),(943,620),(944,621),(945,621),(946,622),(947,623),(948,624),(949,625),(950,626),(951,627),(952,628),(953,629),(954,630),(955,631),(956,632),(957,633),(958,634),(959,635),(960,636),(961,637),(962,638),(963,638),(964,638),(965,638),(966,638),(967,638),(968,638),(969,638),(970,638),(971,638),(972,638),(973,638),(974,638),(975,638),(976,638),(977,638),(978,639),(979,639),(980,639),(981,640),(982,641),(983,641),(984,642),(985,642),(986,643),(987,644),(988,645),(989,645),(990,646),(991,647),(992,648),(993,649),(994,650),(995,651),(996,652),(997,653),(998,654),(999,655),(1000,656),(1001,656),(1002,657),(1003,657),(1004,658),(1005,659),(1006,660),(1007,661),(1008,662),(1009,663),(1010,664),(1011,665),(1012,666),(1013,667),(1014,668),(1015,669),(1016,670),(1017,671),(1018,672),(1019,672),(1020,672),(1021,672),(1022,673),(1023,674),(1024,675),(1025,676),(1026,677),(1027,678),(1028,679),(1029,680),(1030,681),(1031,682),(1032,683),(1033,684),(1034,685),(1035,686),(1036,687),(1037,687),(1038,687),(1039,687),(1040,687),(1041,687),(1042,687),(1043,687),(1044,687),(1045,687),(1046,687),(1047,687),(1048,687),(1049,687),(1050,687),(1051,687),(1052,687),(1053,687),(1054,687),(1055,687),(1056,687),(1057,687),(1058,687),(1059,687),(1060,687),(1061,687),(1062,688),(1063,689),(1064,689),(1065,690),(1066,690),(1067,691),(1068,692),(1069,692),(1070,692),(1071,693),(1072,694),(1073,695),(1074,696),(1075,697),(1076,697),(1077,697),(1078,698),(1079,698),(1080,698),(1081,699),(1082,700),(1083,701),(1084,702),(1085,703),(1086,704),(1087,705),(1088,706),(1089,707),(1090,708),(1091,708),(1092,709),(1093,710),(1094,710),(1095,711),(1096,712),(1097,713),(1098,714),(1099,714),(1100,714),(1101,714),(1102,715),(1103,715),(1104,716),(1105,717),(1106,718),(1107,719),(1108,720),(1109,721),(1110,721),(1111,721),(1112,721),(1113,721),(1114,721),(1115,721),(1116,721),(1117,721),(1118,721),(1119,721),(1120,721),(1121,721),(1122,721),(1123,722),(1124,723),(1125,724),(1126,725),(1127,725),(1128,725),(1129,725),(1130,725),(1131,725),(1132,726),(1133,726),(1134,726),(1135,726),(1136,726),(1137,727),(1138,727),(1139,727),(1140,728),(1141,729),(1142,729),(1143,729),(1144,729),(1145,730),(1146,730),(1147,731),(1148,732),(1149,732),(1150,732),(1151,732),(1152,732),(1153,732),(1154,732),(1155,732),(1156,732),(1157,732),(1158,732),(1159,732),(1160,732),(1161,732),(1162,732),(1163,733),(1164,734),(1165,734),(1166,734),(1167,735),(1168,735),(1169,735),(1170,736),(1171,737),(1172,738),(1173,739),(1174,739),(1175,740),(1176,741),(1177,741),(1178,742),(1179,742),(1180,743),(1181,744),(1182,745),(1183,746),(1184,747),(1185,748),(1186,749),(1187,750),(1188,751),(1189,752),(1190,753),(1191,754),(1192,755),(1193,756),(1194,757),(1195,758),(1196,759),(1197,760),(1198,760),(1199,760),(1200,761),(1201,761),(1202,761),(1203,762),(1204,763),(1205,763),(1206,763),(1207,764),(1208,764),(1209,765),(1210,765),(1211,765),(1212,765),(1213,765),(1214,766),(1215,766),(1216,767),(1217,767),(1218,767),(1219,768),(1220,768),(1221,769),(1222,769),(1223,770),(1224,770),(1225,771),(1226,771),(1227,771),(1228,771),(1229,771),(1230,771),(1231,772),(1232,772),(1233,772),(1234,772),(1235,773),(1236,773),(1237,774),(1238,774),(1239,775),(1240,775),(1241,776),(1242,776),(1243,776),(1244,776),(1245,777),(1246,778),(1247,779),(1248,780),(1249,781),(1250,782),(1251,782),(1252,782),(1253,783),(1254,783),(1255,784),(1256,785),(1257,786),(1258,787),(1259,788),(1260,789),(1261,790),(1262,791),(1263,792),(1264,793),(1265,794),(1266,795),(1267,796),(1268,797),(1269,798),(1270,798),(1271,799),(1272,800),(1273,801),(1274,801),(1275,801),(1276,801),(1277,802),(1278,802),(1279,802),(1280,802),(1281,802),(1282,802),(1283,802),(1284,802),(1285,802),(1286,803),(1287,803),(1288,803),(1289,803),(1290,803),(1291,803),(1292,803),(1293,803),(1294,803),(1295,803),(1296,804),(1297,804),(1298,804),(1299,804),(1300,804),(1301,804),(1302,804);
/*!40000 ALTER TABLE `course_instance` ENABLE KEYS */;
UNLOCK TABLES;

--
-- Table structure for table `department`
--

DROP TABLE IF EXISTS `department`;
/*!40101 SET @saved_cs_client     = @@character_set_client */;
/*!40101 SET character_set_client = utf8 */;
CREATE TABLE `department` (
  `id` int(11) NOT NULL AUTO_INCREMENT,
  `title` varchar(50) NOT NULL,
  PRIMARY KEY (`id`)
) ENGINE=InnoDB DEFAULT CHARSET=latin1;
/*!40101 SET character_set_client = @saved_cs_client */;

--
-- Dumping data for table `department`
--

LOCK TABLES `department` WRITE;
/*!40000 ALTER TABLE `department` DISABLE KEYS */;
/*!40000 ALTER TABLE `department` ENABLE KEYS */;
UNLOCK TABLES;

--
-- Table structure for table `django_content_type`
--

DROP TABLE IF EXISTS `django_content_type`;
/*!40101 SET @saved_cs_client     = @@character_set_client */;
/*!40101 SET character_set_client = utf8 */;
CREATE TABLE `django_content_type` (
  `id` int(11) NOT NULL AUTO_INCREMENT,
  `name` varchar(100) NOT NULL,
  `app_label` varchar(100) NOT NULL,
  `model` varchar(100) NOT NULL,
  PRIMARY KEY (`id`),
  UNIQUE KEY `app_label` (`app_label`,`model`)
) ENGINE=InnoDB AUTO_INCREMENT=22 DEFAULT CHARSET=latin1;
/*!40101 SET character_set_client = @saved_cs_client */;

--
-- Dumping data for table `django_content_type`
--

LOCK TABLES `django_content_type` WRITE;
/*!40000 ALTER TABLE `django_content_type` DISABLE KEYS */;
INSERT INTO `django_content_type` VALUES (1,'permission','auth','permission'),(2,'group','auth','group'),(3,'user','auth','user'),(4,'content type','contenttypes','contenttype'),(5,'session','sessions','session'),(6,'site','sites','site'),(7,'course','ssu','course'),(8,'course instance','ssu','courseinstance'),(9,'department','ssu','department'),(10,'major','ssu','major'),(11,'major department','ssu','majordepartment'),(12,'major requirement','ssu','majorrequirement'),(13,'professor','ssu','professor'),(14,'schedule','ssu','schedule'),(15,'schedule course instance','ssu','schedulecourseinstance'),(16,'section','ssu','section'),(17,'section professor','ssu','sectionprofessor'),(18,'section time','ssu','sectiontime'),(19,'student','ssu','student'),(20,'student course','ssu','studentcourse'),(21,'student major','ssu','studentmajor');
/*!40000 ALTER TABLE `django_content_type` ENABLE KEYS */;
UNLOCK TABLES;

--
-- Table structure for table `django_session`
--

DROP TABLE IF EXISTS `django_session`;
/*!40101 SET @saved_cs_client     = @@character_set_client */;
/*!40101 SET character_set_client = utf8 */;
CREATE TABLE `django_session` (
  `session_key` varchar(40) NOT NULL,
  `session_data` longtext NOT NULL,
  `expire_date` datetime NOT NULL,
  PRIMARY KEY (`session_key`),
  KEY `django_session_b7b81f0c` (`expire_date`)
) ENGINE=InnoDB DEFAULT CHARSET=latin1;
/*!40101 SET character_set_client = @saved_cs_client */;

--
-- Dumping data for table `django_session`
--

LOCK TABLES `django_session` WRITE;
/*!40000 ALTER TABLE `django_session` DISABLE KEYS */;
/*!40000 ALTER TABLE `django_session` ENABLE KEYS */;
UNLOCK TABLES;

--
-- Table structure for table `django_site`
--

DROP TABLE IF EXISTS `django_site`;
/*!40101 SET @saved_cs_client     = @@character_set_client */;
/*!40101 SET character_set_client = utf8 */;
CREATE TABLE `django_site` (
  `id` int(11) NOT NULL AUTO_INCREMENT,
  `domain` varchar(100) NOT NULL,
  `name` varchar(50) NOT NULL,
  PRIMARY KEY (`id`)
) ENGINE=InnoDB AUTO_INCREMENT=2 DEFAULT CHARSET=latin1;
/*!40101 SET character_set_client = @saved_cs_client */;

--
-- Dumping data for table `django_site`
--

LOCK TABLES `django_site` WRITE;
/*!40000 ALTER TABLE `django_site` DISABLE KEYS */;
INSERT INTO `django_site` VALUES (1,'example.com','example.com');
/*!40000 ALTER TABLE `django_site` ENABLE KEYS */;
UNLOCK TABLES;

--
-- Table structure for table `major`
--

DROP TABLE IF EXISTS `major`;
/*!40101 SET @saved_cs_client     = @@character_set_client */;
/*!40101 SET character_set_client = utf8 */;
CREATE TABLE `major` (
  `id` int(11) NOT NULL AUTO_INCREMENT,
  `title` varchar(50) NOT NULL,
  `super_major` int(11) DEFAULT NULL,
  PRIMARY KEY (`id`),
  UNIQUE KEY `title` (`title`),
  KEY `super_major` (`super_major`),
  CONSTRAINT `major_ibfk_1` FOREIGN KEY (`super_major`) REFERENCES `major` (`id`) ON DELETE SET NULL ON UPDATE CASCADE
) ENGINE=InnoDB AUTO_INCREMENT=2 DEFAULT CHARSET=latin1;
/*!40101 SET character_set_client = @saved_cs_client */;

--
-- Dumping data for table `major`
--

LOCK TABLES `major` WRITE;
/*!40000 ALTER TABLE `major` DISABLE KEYS */;
INSERT INTO `major` VALUES (1,'Computer Science',NULL);
/*!40000 ALTER TABLE `major` ENABLE KEYS */;
UNLOCK TABLES;

--
-- Table structure for table `major_department`
--

DROP TABLE IF EXISTS `major_department`;
/*!40101 SET @saved_cs_client     = @@character_set_client */;
/*!40101 SET character_set_client = utf8 */;
CREATE TABLE `major_department` (
  `id` int(11) NOT NULL AUTO_INCREMENT,
  `major_id` int(11) NOT NULL,
  `department_id` int(11) NOT NULL,
  PRIMARY KEY (`id`),
  KEY `major_id` (`major_id`),
  KEY `department_id` (`department_id`),
  CONSTRAINT `major_department_ibfk_1` FOREIGN KEY (`major_id`) REFERENCES `major` (`id`) ON DELETE CASCADE ON UPDATE CASCADE,
  CONSTRAINT `major_department_ibfk_2` FOREIGN KEY (`department_id`) REFERENCES `department` (`id`) ON DELETE CASCADE ON UPDATE CASCADE
) ENGINE=InnoDB DEFAULT CHARSET=latin1;
/*!40101 SET character_set_client = @saved_cs_client */;

--
-- Dumping data for table `major_department`
--

LOCK TABLES `major_department` WRITE;
/*!40000 ALTER TABLE `major_department` DISABLE KEYS */;
/*!40000 ALTER TABLE `major_department` ENABLE KEYS */;
UNLOCK TABLES;

--
-- Table structure for table `major_requirement`
--

DROP TABLE IF EXISTS `major_requirement`;
/*!40101 SET @saved_cs_client     = @@character_set_client */;
/*!40101 SET character_set_client = utf8 */;
CREATE TABLE `major_requirement` (
  `id` int(11) NOT NULL AUTO_INCREMENT,
  `major_id` int(11) NOT NULL,
  `course_id` int(11) NOT NULL,
  `typ` varchar(10) NOT NULL,
  PRIMARY KEY (`id`),
  KEY `major_id` (`major_id`),
  KEY `course_id` (`course_id`),
  CONSTRAINT `major_requirement_ibfk_1` FOREIGN KEY (`major_id`) REFERENCES `major` (`id`) ON DELETE CASCADE ON UPDATE CASCADE,
  CONSTRAINT `major_requirement_ibfk_2` FOREIGN KEY (`course_id`) REFERENCES `course` (`id`) ON DELETE CASCADE ON UPDATE CASCADE
) ENGINE=InnoDB DEFAULT CHARSET=latin1;
/*!40101 SET character_set_client = @saved_cs_client */;

--
-- Dumping data for table `major_requirement`
--

LOCK TABLES `major_requirement` WRITE;
/*!40000 ALTER TABLE `major_requirement` DISABLE KEYS */;
/*!40000 ALTER TABLE `major_requirement` ENABLE KEYS */;
UNLOCK TABLES;

--
-- Table structure for table `professor`
--

DROP TABLE IF EXISTS `professor`;
/*!40101 SET @saved_cs_client     = @@character_set_client */;
/*!40101 SET character_set_client = utf8 */;
CREATE TABLE `professor` (
  `id` varchar(9) NOT NULL,
  `fname` varchar(20) NOT NULL,
  `lname` varchar(20) NOT NULL,
  PRIMARY KEY (`id`)
) ENGINE=InnoDB DEFAULT CHARSET=latin1;
/*!40101 SET character_set_client = @saved_cs_client */;

--
-- Dumping data for table `professor`
--

LOCK TABLES `professor` WRITE;
/*!40000 ALTER TABLE `professor` DISABLE KEYS */;
INSERT INTO `professor` VALUES ('','',''),('000000065','David','Ziblatt'),('000000182','Marco','Calavita'),('000000221','Kathleen','Rockett'),('000000377','Catherine','Wynia'),('000000403','Maureen','Buckley'),('000000507','Anne','Goldman'),('000000572','Richard','Senghas'),('000000585','Cindy','Stearns'),('000000598','Kendrick','Freeman'),('000000611','Birch','Moonwoman'),('000000754','Pasquale','Fuscaldo  Jr'),('000000819','Robert','Weiner'),('000000845','John','Cushman'),('000000910','Lynn','Cominsky'),('000001027','Christine','Renaudin'),('000001040','Armand','Gilinsky'),('000001547','Elizabeth','Burch'),('000001677','Mary','Gomes'),('000001742','Karen','Tillinghast'),('000001833','Daniel','MacAllair'),('000001937','Judith','Richards'),('000001950','Suzanne','Toczyski'),('000002015','Frederick','Luttmann'),('000002093','Kathleen','Noonan'),('000002184','Gerryann','Olson'),('000002236','Nelson','Kellogg'),('000002314','William','Babula'),('000002366','Marcia','Watts'),('000002405','Mark','Perlman'),('000002483','Saeid','Rahimi'),('000002535','Linda','Mansi'),('000002548','Mary','Wilkosz'),('000002574','Laurel','McCabe'),('000002587','Michael','Hooper'),('000002665','Elizabeth','Stanny'),('000002808','B','McHugh'),('000002834','Mary','Halavais'),('000002860','N','Brannen'),('000002925','Dennis','Bozman-Moss'),('000002990','Elaine','Newman'),('000003068','Adam','Hill'),('000003094','Laurel','Holmstrom-Keyes'),('000003302','Margaret','Purser'),('000003315','Daniel','Crocker'),('000003328','Myrtle','Heery'),('000003367','William','Johnson'),('000003445','Randall','Dodgen'),('000003458','Sandra','Feldman'),('000003497','Leonard','Kania'),('000003536','Randall','Vincent'),('000003627','Tom','Newell'),('000003679','Catharine','Vollmer'),('000003770','Deborah','Kindy'),('000003809','Erma','Sims'),('000003861','Nancy','Bonner-Benson'),('000003965','Anthony','Bish'),('000004043','Surekha','Parker'),('000004069','L','Dove'),('000004212','Myrna','Goodman'),('000004251','Ellen','Carlton'),('000004303','Sharon','Janulaw'),('000004589','Paul','Draper'),('000004654','Roy','Zajac'),('000004680','George','Marsh'),('000004693','Julie','Bright'),('000004745','Glenn','Carter'),('000004784','Mutombo','Mpanya'),('000004849','Dwayne','Mulder'),('000004888','Lorna','Catford'),('000005057','Michaela','Grobbel'),('000005174','Jeanne','Bjugstad'),('000005291','Nathan','Rank'),('000005525','Jeffrey','Reeder'),('000005629','Michelle','Jolly'),('000005681','Sharon','Burton'),('000005850','Andrew','Wallace'),('000005876','Gillian','Conoley'),('000005902','Jann','Nunn'),('000005967','Judith','Abbott'),('000006032','Elisa','Velasquez-Andrade'),('000006214','Kurt','Kemp'),('000006279','Paul','Crowley'),('000006383','Mary','Nickel'),('000006526','Pamela','Johnson'),('000006552','Michael','Litle'),('000006695','Elizabeth','Thach'),('000006916','Susan','Hillier'),('000007202','Steven','Winter'),('000007254','Janeen','Olsen'),('000007267','Heidi','Lamoreaux'),('000007488','Catherine','Kroll'),('000007943','John','Goelz'),('000008242','Lynn','Lowery'),('000008294','Bruce','Owen'),('000008359','Nicholas','Geist'),('000008827','Jeanette','Koshar'),('000009126','Thomas','Clarke'),('000009165','Sarah','Dove'),('000009204','Walter','Rohwedder'),('000009256','Diane','Parness'),('000009269','Susan','Goranson'),('000009477','Heather','Smith'),('000009581','Marc','Jacobson'),('000009763','Danielle','Cain'),('000009789','Robert','Eyler'),('000009841','Robert','Switky'),('000009867','Albert','Janulaw'),('000010075','Ervand','Peterson'),('000010140','Elenita','Strobel'),('000010166','Sandra','Newton'),('000010400','Eric','McGuckin'),('000010530','Scott','Miller'),('000010621','Michael','Brunner'),('000011141','Patrick','Jackson'),('000011245','Joanne','Delcorral'),('000011505','Marilyn','Thompson'),('000011531','Noel','Byrne'),('000011596','Paul','Bernstein'),('000011713','Maria','Hess'),('000011817','Stephen','Cunninghame'),('000011843','Michael','Lesch'),('000011869','Timothy','Wandling'),('000011895','Wendy','Smith'),('000011999','Sharon','Cabaniss'),('000012051','Robert','Wilson'),('000012103','Paul','Porter'),('000012298','Mark','Rigby'),('000012441','Susan','Victor'),('000012675','Kirsten','Searby'),('000012909','Margaret','Anderson'),('000012948','Elizabeth','Galvez-Hard'),('000013039','Donald','Dixon'),('000013325','C','Langley'),('000013650','Peter','Phillips'),('000013832','Karen','Thompson'),('000013975','Derek','Girman'),('000014001','Wayne','Goldberg'),('000014300','Lisa','Pollack'),('000014898','Debora','Hammond'),('000014976','Mary','Dingle'),('000015171','Kim','Hester-Williams'),('000015600','Susan','Herring'),('000015678','Sherril','Jaffe'),('000015782','Francisco','Vazquez'),('000015860','Frederick','Utter'),('000016835','Michael','Schwager'),('000016952','Wanda','Boda'),('000017446','Robert','McNamara'),('000017472','Carol','Harvey'),('000018031','Joseph','Standridge'),('000018239','George','Ledin  Jr'),('000018317','Bruce','Peterson'),('000018486','Kathleen','Reynolds'),('000018733','Murali','Pillai'),('000019110','Jennifer','Shaw'),('000019123','William','Barnier'),('000019305','Barbara','Bloom'),('000019474','Rheyna','Laney'),('000019578','Jeff','Silverman'),('000019734','Diana','Grant'),('000019955','Judy','Navas'),('000020215','Robert','Karlsrud'),('000020449','Catherine','Nelson'),('000020839','Barry','Preisler'),('000021216','Katherine','Ha'),('000021762','James','Robison'),('000021814','Emiliano','Ayala'),('000022321','Patricia','Hansen'),('000022490','Carole','Heath'),('000022854','Matthew','James'),('000022945','Mary','McTigue'),('000023036','Sunil','Tiwari'),('000023595','Johanna','Filp-Hanke'),('000024102','Nathan','Campbell'),('000025090','Lilybeth','Nosce'),('000026585','Mary','Schindler'),('000026611','William','Rockwell'),('000026741','Kelly','Bucy'),('000027352','Diane','Brown'),('000027521','Thomas','Atkin'),('000027534','Carmen','Works'),('000027573','Robert','Chase'),('000027833','Zachary','Wong'),('000027846','John','Wingard'),('000027924','Steven','Cuellar'),('000027937','Karen','Grady'),('000027963','John','Kunat'),('000028002','Lynne','Morrow'),('000028041','Noelle','Oxenhandler'),('000028054','Balasubramanian','Ravikumar'),('000028080','Gregory','Roberts'),('000028210','Meri','Storino'),('000028288','Charlene','Tung'),('000028379','Shenny','Cruces'),('000029250','Margaret','Miller'),('000029991','Laurice','Mogannam'),('000030238','Judith','Volkart'),('000030264','Elaine','Leeder'),('000030277','Frederick','Griffin'),('000030589','Thomas','Shaw'),('000031668','Richard','Shayewitz'),('000033761','.','Judiyaba'),('000034125','Susan','Murany'),('000038597','David','Sowerby'),('000038623','Forrest','Deseran'),('000039689','Lynne','Lyle'),('000051443','David','McCuan'),('000069373','Suzel','Bozada-Deas'),('000088847','Cinzia','Forasiepi'),('000091668','Lynn','Garrison'),('000096530','Jocelyn','Arild'),('000115315','Silvio','Machado'),('000127951','Monica','Ohkubo'),('000130044','Elena','Parolini'),('000130616','Monique','Pearl'),('000165235','Johnna','Edmunds'),('000166990','Kimberly','Ramos'),('000172125','Julian','Shay'),('000173750','Maria','Lorenzana-Lopez'),('000187530','Pamela','Abbott-Enz'),('000213569','Patrick','Bailey'),('000257782','Mary','Brogan'),('000266505','',''),('000304894','Andy','Collinsworth'),('000359520','Mark','Edwards'),('000408088','Sakina','Gerhard'),('000427939','Chad','Griffith'),('000452665','Jessica','Hazlewood'),('000480342','Ronald','Hunt'),('000634184','Rima','Najm-Briscoe'),('000659924','Christine','Palella'),('000660990','Janie','Ronchelli'),('000694166','Adrienne','Raker'),('000710312','Barbara','Ritter'),('000755981','',''),('000758724','William','Silva'),('000760180','Giselle','Perry'),('000773427','',''),('000922485','Emiria','Dunn'),('000932963','Elizabeth','Giuliani'),('000945703','F','Thompson'),('001028175','Jane','McDonough'),('001061091','Lena','McQuade'),('001266465','Scott','Wells'),('001267349','Edward','Beebout'),('001285237','Vincent','Richman'),('001295169','Ruth','Wilson'),('001299823','Stephen','Bittner'),('001299849','Mira-Lisa','Katz'),('001299888','Ali','Kooshesh'),('001324302','Thomas','Williams'),('001352967','Karin','Jaffe'),('001370972','Shahram','Marivani'),('001389549','Glenn','Brassington'),('001392266','Jeremy','Morris'),('001392708','Aidong','Hu'),('001392721','Robert W','Train'),('001394398','Stephen','Estes Jr'),('001394814','Douglas','Jordan'),('001395308','Brigitte','Lahme'),('001395516','Melissa','Vandeveer'),('001451351','Susan','Starbird'),('001478287','Mohammad','Kujoory'),('001542520','William','Combi'),('001543183','Judith','Friscia'),('001562735','Jessica','Taylor'),('001608404','Karina','Nielsen'),('001621118','Kathleen','Foley-Beining'),('001640046','Paula','Lane'),('001642529','Stephanie','Dyer'),('001642867','Jennifer','Lillig'),('001650810','Nathan','Haenlein'),('001650823','Patricia','Kim'),('001650836','Melinda','Milligan'),('001651356','Nicole','Graydon'),('001656075','Gregory','Bogart'),('001665149','Kristen','Daley'),('001689511','Julie','Greathouse'),('001693580','Izabela','Kanaana'),('001694451','Jenny','Bent'),('001725209','Valentine','Verhunce'),('001729837','Noah','Melcon'),('001731046','Richard','Gauthier'),('001741433','Joaquin','Lopez'),('001800635','Jennifer','Jaffe'),('001906975','Melissa','Sloan'),('001914047','Nicholas','Dowdall'),('001965748','Hongtao','Shi'),('001976668','Jurgen','Kremer'),('002169692','Matthew','Carrier'),('002174359','Richard','Campbell'),('002174372','Michael','Cohen'),('002174385','Kirsten','Ely'),('002174398','Michael','Santos'),('002174424','Ching','Wo'),('002174437','Jennifer','Mahdavi'),('002174476','Andrew','Roth'),('002176413','James','Dean'),('002176894','Benjamin','Frymer'),('002178077','Wyndham','Galbraith'),('002178090','Gregory','Sarris'),('002180040','Kris','Wright'),('002180781','Kristine','Love'),('002180846','Charles','Elster'),('002180872','Ronald','Lopez'),('002182497','Michael','Visser'),('002195705','Kelly','Estrada'),('002221458','Jesse','Markay'),('002221640','Eric','Cabalo'),('002225774','Michael','Lyle'),('002231676','Laura','Reynolds'),('002233951','Viki','Montera'),('002257494','Roger','Zim'),('002257520','James','Preston'),('002351783','Samual','Riewe'),('002392681','Kristen','Nicolaisen'),('002408528','Nancy','Shaffer'),('002425701','Karen','Canepa'),('002429445','Donald','Estreich'),('002440027','Ianthe','Brautigan Swensen'),('002440469','Steven','Farmer'),('002440495','Matthew','Mookerjee'),('002440508','Meng-Chih','Su'),('002442484','Caroline','Christian'),('002442497','Laura','Watt'),('002484448','Matthew','Clark'),('002485215','Daniel','Smith'),('002491858','Janejira','Sutanonpaiboon'),('002492001','Heather','Flynn'),('002492040','Rita','Butterfield'),('002492053','David','Bero'),('002492365','Keith','Gouveia'),('002494341','Rod','Buchignani'),('002494445','Deirdre','Frontczak'),('002495212','David','Neal'),('002495407','Doyle','Ott'),('002498241','Gloria','Hurtado'),('002500100','Jennifer','Wilsey'),('002500802','Carl','Farriss II'),('002516545','Jon','Fukuto'),('002687807','Nancy','Veiga'),('002688405','Leslie','West'),('002714821','Ajay','Gehlawat'),('002720073','Florence','Bouvet'),('002720086','Brantley','Bryant'),('002721100','Ashley','Hall'),('002721893','Chong Uk','Kim'),('002723037','Mary','Churchill'),('002723284','Amy','Kittelstrom'),('002723297','John','Palmer'),('002723310','Jeremy','Qualls'),('002731279','Michael','Smith'),('002731292','John','Urbanski'),('002731305','Daniel','Malpica'),('002731318','Scott','Severson'),('002732657','Stacey','Murray'),('002740119','Jennifer','Roberson'),('002755277','Sheila','Katz'),('002762297','Maureen','Flynn Garcia'),('002762375','Nicole','Myers'),('002763441','Theresa','Jackson'),('002765222','So-Young','Han'),('002765690','Michieal','Jones'),('002768693','Suzanne','Maggio-Hucek'),('002769668','Mark','James'),('002773958','Coralie','Simmons'),('002877646','Julie','Shulman'),('002925564','Theresa','Devega'),('002968594','Michael','Stevens'),('002974743','Alexis','Shapiro'),('002984844','Michelle','Kelly'),('003003434','Eric','Williams'),('003004513','Adam','Zagelbaum'),('003004643','Suzanne','Rivoire'),('003007893','Susan','Campbell'),('003008231','Cynthia','Boaz'),('003008504','Christina','Baker'),('003009323','Jeffrey','Baldwin'),('003031228','Melissa','Garvin'),('003040900','Jodi','Simmons'),('003138712','Farid','Farahmand'),('003138881','Krista','Wolcott'),('003216036','Leslie','Alexander'),('003216699','Lauren','Morimoto'),('003234691','Rebecca','Bryan'),('003234743','Joseph','Lin'),('003234756','Alexis','Boutin'),('003246404','Matthew','Paolucci'),('003249836','Scott','Horstein'),('003249849','Carlos','Merino De Villasante'),('003249862','Douglas','Leibinger'),('003249875','Mark','Perri'),('003251071','Jeanne','Woodford'),('003254737','Jesse','Andrews'),('003256336','Jessica','Parker'),('003277409','David','Burnakus'),('003277721','Anthony','Collins'),('003278592','Joshua','Glasgow'),('003279502','Nora','Wilkins'),('003279567','Jorge','Andrade'),('003280581','Jennifer','Mannwieler'),('003300965','Stacey','Pelton'),('003303019','Maria','Payan'),('003372413','Matthew','Martin'),('003426961','Rachel','Donham'),('003484395','Justin','Atkinson'),('003490310','Laury','Rappaport'),('003490934','Richard','West'),('003494171','Michael','DeBellis'),('003506300','Elizabeth','Conn'),('003531598','Damaris','Caro'),('003538423','Loree','Skidmore'),('003539567','Parissa','Tadrissi'),('003540269','Christine','Cali'),('003540425','Michelle','Goman'),('003540438','Bulent','Sokmen'),('003547770','Achara','Barclay'),('003664419','Julie','Teixeira'),('003750297','Kristina','de Korsak'),('003752338','David','Scott'),('003757876','Nicola','Franceschine'),('003759215','John','Ross III'),('003759891','Kristen','Wood'),('003800828','Sandra','Ayala'),('003800854','Kyuho','Lee'),('003800867','Jack','Ou'),('003800880','Merlin','Hanauer'),('003809330','Anthony','Vigorito'),('003809486','Kristylea','Ojeda'),('003810071','Jacquelyn','Guilford'),('003811631','Napoleon','Reyes'),('003819080','Anthony','Rizzuto'),('003819405','Kasey','Knudsen'),('003915202','Mary','Keller'),('003949873','Tamas','Torok'),('003951784','Amanda','Morrison'),('003963523','David','Leyba'),('004038741','Melissa','Vogt'),('004045735','Joseph','Edelberg'),('004047113','Michal','Brody'),('004059437','Mark Rico','Fabionar'),('004076571','Jonathan','Cole'),('004084124','Derek','Eysenbach'),('004084943','Monalibianca','Joshi'),('004086789','Elizabeth','Black'),('004086828','Anika','Trockel'),('004086841','Martha','Shott'),('004086932','Craig','Hildebrand'),('004091976','Haider','Khaleel'),('004105418','Jennifer','Bethke'),('004105860','Marcia','Bauman'),('004105886','David','Scott'),('004105912','Kennith','Cook'),('004109916','Susan','Adams'),('004114206','Jerrald','Krause'),('004118535','Tristan','Josephson'),('004125971','Linh','Huynh'),('004346373','Ellen','Lamont'),('004353484','Allison','Watkins'),('004354290','Stephen','Rosenthal'),('004378769','Carlos','Torres'),('004386491','Christopher','Dudzik'),('004386517','Zachary','Sharrett'),('004387063','Daniel','Soto'),('004387089','Emily','Acosta Lewis'),('004387115','Monica','Lares'),('004388896','Albert','Ruiz'),('004390053','Paul','Gullixson'),('004394018','Kathryn','Chang'),('004394837','Stephanie','Etting'),('004404262','Thomas','Targett'),('004404574','Martha','Murphy'),('004407369','John','Isom'),('004410905','Maureen','Miner'),('004420720','Caitlin','Henry'),('004420746','Joshue','Eng'),('004422683','Andre','Minor'),('004423008','Amanda','Gibson'),('004423996','James','Logan'),('004547054','',''),('004550317','','');
/*!40000 ALTER TABLE `professor` ENABLE KEYS */;
UNLOCK TABLES;

--
-- Table structure for table `schedule`
--

DROP TABLE IF EXISTS `schedule`;
/*!40101 SET @saved_cs_client     = @@character_set_client */;
/*!40101 SET character_set_client = utf8 */;
CREATE TABLE `schedule` (
  `id` int(11) NOT NULL AUTO_INCREMENT,
  `student_id` varchar(9) NOT NULL,
  PRIMARY KEY (`id`),
  KEY `student_id` (`student_id`),
  CONSTRAINT `schedule_ibfk_1` FOREIGN KEY (`student_id`) REFERENCES `student` (`id`) ON DELETE CASCADE ON UPDATE CASCADE
) ENGINE=InnoDB AUTO_INCREMENT=4 DEFAULT CHARSET=latin1;
/*!40101 SET character_set_client = @saved_cs_client */;

--
-- Dumping data for table `schedule`
--

LOCK TABLES `schedule` WRITE;
/*!40000 ALTER TABLE `schedule` DISABLE KEYS */;
INSERT INTO `schedule` VALUES (1,'000000001'),(2,'000000002'),(3,'000000003');
/*!40000 ALTER TABLE `schedule` ENABLE KEYS */;
UNLOCK TABLES;

--
-- Table structure for table `schedule_course_instance`
--

DROP TABLE IF EXISTS `schedule_course_instance`;
/*!40101 SET @saved_cs_client     = @@character_set_client */;
/*!40101 SET character_set_client = utf8 */;
CREATE TABLE `schedule_course_instance` (
  `id` int(11) NOT NULL AUTO_INCREMENT,
  `schedule_id` int(11) NOT NULL,
  `course_instance_id` int(11) NOT NULL,
  PRIMARY KEY (`id`),
  KEY `schedule_id` (`schedule_id`),
  KEY `course_instance_id` (`course_instance_id`),
  CONSTRAINT `schedule_course_instance_ibfk_1` FOREIGN KEY (`schedule_id`) REFERENCES `schedule` (`id`) ON DELETE CASCADE ON UPDATE CASCADE,
  CONSTRAINT `schedule_course_instance_ibfk_2` FOREIGN KEY (`course_instance_id`) REFERENCES `course_instance` (`id`) ON DELETE CASCADE ON UPDATE CASCADE
) ENGINE=InnoDB AUTO_INCREMENT=8 DEFAULT CHARSET=latin1;
/*!40101 SET character_set_client = @saved_cs_client */;

--
-- Dumping data for table `schedule_course_instance`
--

LOCK TABLES `schedule_course_instance` WRITE;
/*!40000 ALTER TABLE `schedule_course_instance` DISABLE KEYS */;
INSERT INTO `schedule_course_instance` VALUES (1,2,570),(2,2,700),(3,3,379),(4,3,1048),(5,1,569),(6,2,376),(7,2,473);
/*!40000 ALTER TABLE `schedule_course_instance` ENABLE KEYS */;
UNLOCK TABLES;

--
-- Table structure for table `section`
--

DROP TABLE IF EXISTS `section`;
/*!40101 SET @saved_cs_client     = @@character_set_client */;
/*!40101 SET character_set_client = utf8 */;
CREATE TABLE `section` (
  `id` char(4) NOT NULL,
  `course_instance_id` int(11) NOT NULL,
  `section_no` int(11) NOT NULL,
  `component` varchar(4) DEFAULT NULL,
  PRIMARY KEY (`id`),
  KEY `course_instance_id` (`course_instance_id`),
  CONSTRAINT `section_ibfk_1` FOREIGN KEY (`course_instance_id`) REFERENCES `course_instance` (`id`) ON DELETE CASCADE ON UPDATE CASCADE
) ENGINE=InnoDB DEFAULT CHARSET=latin1;
/*!40101 SET character_set_client = @saved_cs_client */;

--
-- Dumping data for table `section`
--

LOCK TABLES `section` WRITE;
/*!40000 ALTER TABLE `section` DISABLE KEYS */;
INSERT INTO `section` VALUES ('',1303,0,''),('1002',157,2,'DIS'),('1004',158,4,'DIS'),('1005',203,1,'LEC'),('1006',204,2,'LEC'),('1007',4,1,'LEC'),('1008',93,1,'LEC'),('1009',300,1,'LEC'),('1010',185,1,'SEM'),('1011',69,1,'LEC'),('1012',137,1,'DIS'),('1013',168,1,'DIS'),('1014',168,2,'LAB'),('1015',124,1,'LEC'),('1016',29,1,'LEC'),('1017',262,1,'SEM'),('1018',263,2,'SEM'),('1022',149,1,'SEM'),('1023',8,1,'LEC'),('1024',62,1,'LEC'),('1025',226,1,'SEM'),('1026',227,2,'SEM'),('1028',225,1,'LEC'),('1029',166,1,'DIS'),('1030',9,1,'LEC'),('1031',106,1,'LEC'),('1032',155,1,'SUP'),('1033',266,1,'LEC'),('1034',294,1,'LEC'),('1043',289,1,'SEM'),('1044',201,1,'LEC'),('1045',202,2,'LEC'),('1046',115,1,'LEC'),('1047',175,1,'LEC'),('1049',154,1,'SUP'),('1050',192,1,'LEC'),('1051',193,2,'LEC'),('1053',116,1,'LEC'),('1054',117,2,'LEC'),('1055',296,1,'LEC'),('1056',2,1,'LEC'),('1057',197,1,'LEC'),('1058',22,1,'LEC'),('1059',23,2,'LEC'),('1060',299,1,'LEC'),('1061',152,1,'SUP'),('1067',232,1,'LEC'),('1068',251,1,'LEC'),('1069',252,2,'LEC'),('1070',253,3,'LEC'),('1072',58,1,'SEM'),('1073',153,1,'SUP'),('1074',231,1,'SEM'),('1075',49,1,'SEM'),('1076',250,1,'SUP'),('1077',254,4,'LEC'),('1078',255,5,'LEC'),('1079',6,1,'LEC'),('1080',42,1,'SEM'),('1081',43,1,'SEM'),('1082',43,2,'SUP'),('1083',44,3,'SEM'),('1084',44,4,'SUP'),('1085',45,5,'SEM'),('1086',45,6,'SUP'),('1087',46,7,'SEM'),('1088',46,8,'SUP'),('1089',47,9,'SEM'),('1090',47,10,'SUP'),('1093',50,1,'SEM'),('1094',50,2,'SUP'),('1095',54,1,'SEM'),('1096',55,1,'SEM'),('1098',70,1,'LEC'),('1100',76,1,'ACT'),('1101',77,1,'LEC'),('1102',81,1,'LEC'),('1103',86,1,'SEM'),('1104',105,1,'SEM'),('1105',151,1,'DIS'),('1106',177,1,'LEC'),('1109',256,6,'LEC'),('1110',257,7,'LEC'),('1111',258,8,'LEC'),('1112',305,1,'SEM'),('1113',301,1,'SEM'),('1114',293,1,'LEC'),('1115',32,1,'LEC'),('1117',38,1,'SEM'),('1127',241,1,'SEM'),('1128',242,2,'SEM'),('1129',259,9,'LEC'),('1130',260,10,'LEC'),('1132',284,1,'LEC'),('1133',36,1,'LEC'),('1134',40,1,'LEC'),('1140',125,2,'LEC'),('1141',113,1,'SEM'),('1142',234,1,'SUP'),('1146',235,1,'SUP'),('1147',236,2,'SUP'),('1148',237,3,'SUP'),('1149',238,4,'SUP'),('1158',291,3,'SEM'),('1159',126,3,'LEC'),('1160',120,2,'LEC'),('1161',169,1,'LEC'),('1162',264,3,'SEM'),('1163',272,1,'LEC'),('1164',74,1,'LEC'),('1165',222,1,'LEC'),('1167',25,1,'SEM'),('1168',17,2,'SUP'),('1169',20,2,'SUP'),('1170',94,2,'LEC'),('1171',3,2,'LEC'),('1174',41,1,'SEM'),('1176',213,1,'LEC'),('1177',216,1,'DIS'),('1178',221,1,'SEM'),('1179',224,1,'SEM'),('1180',110,1,'SEM'),('1182',286,2,'SUP'),('1186',63,2,'LEC'),('1187',279,1,'LEC'),('1190',239,3,'SUP'),('1191',240,4,'SUP'),('1194',33,1,'SEM'),('1195',121,3,'LEC'),('1196',75,1,'LEC'),('1197',195,1,'SEM'),('1198',220,1,'LEC'),('1199',118,3,'LEC'),('1208',57,1,'SEM'),('1209',99,1,'LEC'),('1210',167,1,'LEC'),('1211',107,2,'LEC'),('1212',194,3,'LEC'),('1213',304,1,'LEC'),('1214',80,1,'LEC'),('1215',230,1,'SEM'),('1216',196,2,'SEM'),('1220',156,1,'DIS'),('1221',211,1,'LEC'),('1222',223,1,'LEC'),('1223',290,2,'SEM'),('1225',1,1,'LEC'),('1226',109,1,'LEC'),('1229',30,1,'DIS'),('1230',233,1,'SEM'),('1232',280,2,'LEC'),('1237',159,5,'DIS'),('1238',160,6,'DIS'),('1239',181,1,'DIS'),('1240',297,1,'SEM'),('1241',228,1,'CLN'),('1242',198,2,'LEC'),('1243',287,1,'SEM'),('1244',288,2,'SEM'),('1245',18,3,'SUP'),('1247',161,7,'DIS'),('1253',24,3,'LEC'),('1254',39,2,'SEM'),('1255',170,1,'LEC'),('1256',162,8,'DIS'),('1257',176,2,'LEC'),('1258',206,1,'LEC'),('1259',214,1,'SEM'),('1260',215,1,'SEM'),('1263',269,1,'SEM'),('1265',85,1,'SEM'),('1266',65,1,'LEC'),('1267',163,9,'DIS'),('1268',127,4,'LEC'),('1271',217,1,'SEM'),('1273',19,4,'SUP'),('1274',21,4,'SUP'),('1276',27,1,'LEC'),('1278',37,1,'LEC'),('1282',133,1,'DIS'),('1283',218,1,'SEM'),('1284',229,1,'SEM'),('1286',112,1,'LEC'),('1287',67,1,'LAB'),('1294',243,3,'SEM'),('1298',108,1,'SEM'),('1299',59,1,'SEM'),('1300',114,2,'SEM'),('1301',164,10,'DIS'),('1302',200,1,'LEC'),('1321',51,1,'SEM'),('1322',51,2,'SUP'),('1323',52,3,'SEM'),('1324',52,4,'SUP'),('1325',53,5,'SEM'),('1326',53,6,'SUP'),('1327',56,1,'SEM'),('1328',60,1,'SEM'),('1329',61,1,'SEM'),('1330',100,1,'LEC'),('1332',87,1,'LEC'),('1334',101,1,'LEC'),('1336',104,1,'CLN'),('1337',87,2,'LAB'),('1338',88,3,'LEC'),('1339',88,4,'LAB'),('1340',89,5,'LEC'),('1341',89,6,'LAB'),('1342',90,7,'LEC'),('1343',90,8,'LAB'),('1344',91,9,'LEC'),('1345',91,10,'LAB'),('1346',92,11,'LEC'),('1347',92,12,'LAB'),('1350',95,3,'LEC'),('1352',132,1,'LEC'),('1353',136,1,'LEC'),('1364',180,1,'LEC'),('1366',184,1,'LEC'),('1379',78,1,'LEC'),('1382',83,1,'LAB'),('1386',261,1,'LEC'),('1390',26,2,'SEM'),('1391',34,2,'SEM'),('1392',285,1,'LEC'),('1396',278,1,'SEM'),('1397',283,1,'SEM'),('1399',249,1,'SEM'),('1400',207,1,'SEM'),('1401',205,1,'LEC'),('1402',199,3,'LEC'),('1403',111,1,'SEM'),('1404',302,1,'SEM'),('1406',144,1,'LEC'),('1407',97,1,'ACT'),('1408',122,4,'LEC'),('1409',123,5,'LEC'),('1410',128,5,'LEC'),('1416',267,1,'LEC'),('1417',268,2,'LEC'),('1418',208,1,'LEC'),('1419',209,2,'LEC'),('1422',129,6,'LEC'),('1429',271,1,'LEC'),('1441',306,1,'SUP'),('1565',328,1,'DIS'),('1566',335,1,'LEC'),('1567',313,1,'DIS'),('1568',314,2,'DIS'),('1569',315,3,'DIS'),('1571',342,1,'DIS'),('1572',343,2,'DIS'),('1573',344,3,'DIS'),('1574',326,1,'DIS'),('1575',361,1,'DIS'),('1576',359,1,'SEM'),('1577',365,1,'SEM'),('1578',366,2,'SEM'),('1579',367,3,'SEM'),('1580',384,1,'LEC'),('1581',332,1,'LEC'),('1582',333,2,'LEC'),('1583',319,1,'LEC'),('1584',320,2,'LEC'),('1585',351,1,'DIS'),('1586',378,1,'LEC'),('1588',352,1,'DIS'),('1589',339,1,'DIS'),('1590',322,1,'DIS'),('1591',323,2,'DIS'),('1592',383,1,'LEC'),('1596',392,1,'SUP'),('1598',311,1,'DIS'),('1600',375,1,'LEC'),('1601',377,3,'LEC'),('1602',309,1,'LEC'),('1603',310,2,'LEC'),('1604',307,1,'DIS'),('1605',308,2,'DIS'),('1606',354,1,'DIS'),('1609',356,1,'SEM'),('1610',318,1,'LEC'),('1611',324,3,'DIS'),('1612',368,4,'SEM'),('1614',362,1,'DIS'),('1616',312,3,'DIS'),('1617',327,2,'DIS'),('1619',321,3,'LEC'),('1620',325,4,'DIS'),('1629',370,2,'SUP'),('1632',355,1,'LEC'),('1633',369,5,'SEM'),('1634',385,1,'DIS'),('1636',340,2,'DIS'),('1637',331,1,'LEC'),('1638',358,1,'SEM'),('1639',374,1,'SEM'),('1645',334,1,'LEC'),('1647',353,1,'LEC'),('1648',360,2,'SEM'),('1649',363,1,'DIS'),('1650',364,1,'LEC'),('1651',346,1,'SUP'),('1653',347,1,'SUP'),('1659',348,1,'SUP'),('1661',349,1,'SUP'),('1663',345,1,'DIS'),('1666',387,1,'LEC'),('1667',350,1,'DIS'),('1669',376,2,'LEC'),('1675',330,2,'DIS'),('1677',382,1,'LEC'),('1678',381,1,'LEC'),('1683',371,1,'LEC'),('1685',373,1,'LEC'),('1689',316,4,'DIS'),('1694',722,1,'SUP'),('1695',622,1,'SUP'),('1697',624,1,'SUP'),('1703',521,15,'DIS'),('1704',670,1,'SUP'),('1705',424,1,'ACT'),('1706',644,1,'ACT'),('1707',542,1,'SEM'),('1714',716,3,'SUP'),('1719',600,1,'SEM'),('1720',601,2,'SEM'),('1721',566,1,'SUP'),('1722',479,1,'SEM'),('1723',754,1,'LEC'),('1724',754,2,'ACT'),('1725',755,1,'ACT'),('1726',756,2,'ACT'),('1727',757,3,'ACT'),('1728',544,1,'LEC'),('1729',473,1,'LEC'),('1730',672,1,'SUP'),('1732',681,2,'SUP'),('1734',719,1,'DIS'),('1739',548,2,'SUP'),('1740',549,3,'SUP'),('1745',482,4,'SUP'),('1746',432,1,'ACT'),('1747',718,1,'SUP'),('1748',711,1,'DIS'),('1749',469,1,'DIS'),('1750',425,1,'ACT'),('1752',474,1,'DIS'),('1755',736,1,'ACT'),('1758',410,2,'SUP'),('1770',657,1,'ACT'),('1771',536,1,'SEM'),('1777',776,1,'SUP'),('1778',777,2,'SUP'),('1779',778,3,'SUP'),('1780',720,1,'SUP'),('1781',746,1,'ACT'),('1782',699,1,'DIS'),('1783',700,2,'DIS'),('1784',614,1,'SUP'),('1785',408,1,'LEC'),('1787',476,1,'DIS'),('1797',676,1,'SUP'),('1798',664,1,'SUP'),('1799',733,1,'ACT'),('1800',623,1,'SUP'),('1801',444,1,'SEM'),('1804',674,1,'SUP'),('1813',438,1,'ACT'),('1814',682,1,'SUP'),('1815',594,1,'SEM'),('1817',758,2,'SUP'),('1818',759,3,'SUP'),('1819',732,1,'ACT'),('1820',689,1,'DIS'),('1821',690,2,'DIS'),('1822',691,3,'DIS'),('1823',692,4,'DIS'),('1824',693,5,'DIS'),('1825',694,6,'DIS'),('1826',695,7,'DIS'),('1827',696,8,'DIS'),('1828',697,9,'DIS'),('1829',698,10,'DIS'),('1831',483,1,'SUP'),('1832',605,1,'SEM'),('1833',606,2,'SEM'),('1834',480,1,'SEM'),('1835',423,1,'ACT'),('1836',641,1,'ACT'),('1838',597,1,'SEM'),('1839',409,1,'LEC'),('1841',646,1,'ACT'),('1842',647,2,'ACT'),('1843',626,1,'SUP'),('1845',702,1,'LEC'),('1848',552,1,'SUP'),('1852',567,2,'SUP'),('1853',617,1,'DIS'),('1855',634,1,'ACT'),('1857',570,1,'DIS'),('1858',571,1,'SUP'),('1859',572,1,'DIS'),('1860',580,1,'DIS'),('1861',582,1,'DIS'),('1862',581,1,'SUP'),('1863',724,1,'DIS'),('1864',727,1,'LEC'),('1865',583,1,'SEM'),('1866',583,2,'SUP'),('1867',584,3,'SEM'),('1869',585,5,'SEM'),('1870',585,6,'SUP'),('1871',586,7,'SEM'),('1872',586,8,'SUP'),('1873',587,9,'SEM'),('1874',587,10,'SUP'),('1875',588,1,'SEM'),('1876',588,2,'SUP'),('1877',589,3,'SEM'),('1878',589,4,'SUP'),('1879',590,5,'SEM'),('1880',590,6,'SUP'),('1881',591,7,'SEM'),('1882',591,8,'SUP'),('1883',745,1,'LEC'),('1885',738,1,'ACT'),('1886',750,1,'ACT'),('1887',762,1,'ACT'),('1888',763,1,'ACT'),('1890',767,1,'LEC'),('1891',773,1,'ACT'),('1892',774,1,'ACT'),('1894',428,2,'SUP'),('1897',429,1,'SUP'),('1906',560,5,'SUP'),('1909',561,8,'SUP'),('1911',562,10,'SUP'),('1915',629,1,'ACT'),('1916',630,2,'ACT'),('1918',678,1,'ACT'),('1919',679,2,'ACT'),('1921',522,16,'DIS'),('1925',677,1,'SUP'),('1926',753,1,'ACT'),('1927',730,1,'SEM'),('1928',578,1,'DIS'),('1929',579,1,'SUP'),('1931',453,1,'LEC'),('1940',665,2,'SUP'),('1941',666,3,'SUP'),('1944',675,2,'SUP'),('1949',436,1,'ACT'),('1950',442,1,'ACT'),('1951',462,1,'SEM'),('1953',636,1,'LEC'),('1954',643,1,'ACT'),('1955',637,1,'DIS'),('1957',667,4,'SUP'),('1958',671,2,'SUP'),('1959',735,1,'ACT'),('1960',775,1,'ACT'),('1961',638,1,'ACT'),('1962',468,1,'SEM'),('1964',478,1,'SEM'),('1965',599,3,'SEM'),('1966',557,1,'LEC'),('1968',628,1,'LEC'),('1969',635,2,'ACT'),('1970',639,2,'ACT'),('1973',721,1,'DIS'),('1974',607,3,'SEM'),('1975',766,1,'ACT'),('1977',419,1,'SUP'),('1980',426,1,'ACT'),('1981',613,1,'LEC'),('1983',620,1,'SUP'),('1986',652,1,'ACT'),('1987',662,1,'ACT'),('1995',559,1,'SEM'),('1997',615,1,'SUP'),('2001',416,1,'SEM'),('2002',710,1,'DIS'),('2003',712,1,'DIS'),('2004',713,1,'DIS'),('2005',714,1,'DIS'),('2006',400,1,'LEC'),('2008',477,1,'SEM'),('2009',534,1,'DIS'),('2010',541,1,'LEC'),('2011',653,1,'ACT'),('2012',656,1,'ACT'),('2015',550,3,'SUP'),('2016',551,4,'SUP'),('2017',445,1,'LEC'),('2019',771,2,'ACT'),('2020',715,1,'DIS'),('2021',608,1,'DIS'),('2022',618,1,'DIS'),('2023',640,1,'DIS'),('2024',645,1,'ACT'),('2025',654,1,'ACT'),('2026',621,5,'SUP'),('2027',668,5,'SUP'),('2028',748,1,'ACT'),('2029',761,3,'ACT'),('2030',772,3,'ACT'),('2031',749,1,'ACT'),('2033',747,1,'ACT'),('2034',663,1,'ACT'),('2035',393,1,'LEC'),('2036',397,1,'LEC'),('2037',437,1,'ACT'),('2038',484,1,'DIS'),('2039',532,1,'DIS'),('2040',533,1,'SEM'),('2041',487,5,'DIS'),('2044',490,10,'DIS'),('2045',492,12,'DIS'),('2046',493,13,'DIS'),('2047',494,14,'DIS'),('2048',495,15,'DIS'),('2049',489,7,'DIS'),('2050',497,17,'DIS'),('2051',499,19,'DIS'),('2052',504,25,'DIS'),('2053',502,22,'DIS'),('2054',503,23,'DIS'),('2056',505,26,'DIS'),('2057',723,1,'DIS'),('2058',414,1,'SEM'),('2061',611,1,'SUP'),('2062',764,1,'SUP'),('2066',413,1,'LEC'),('2067',412,1,'SEM'),('2068',592,9,'SEM'),('2069',592,10,'SUP'),('2070',543,1,'DIS'),('2071',751,1,'SUP'),('2077',464,1,'DIS'),('2083',576,1,'DIS'),('2084',577,1,'SUP'),('2086',717,1,'DIS'),('2087',604,2,'SEM'),('2089',431,1,'ACT'),('2091',506,28,'DIS'),('2092',507,29,'DIS'),('2094',510,3,'DIS'),('2095',513,6,'DIS'),('2096',514,7,'DIS'),('2097',515,8,'DIS'),('2098',516,9,'DIS'),('2099',517,10,'DIS'),('2100',519,12,'DIS'),('2102',523,19,'DIS'),('2104',537,2,'SEM'),('2105',538,1,'DIS'),('2110',769,1,'LEC'),('2112',546,1,'SEM'),('2113',443,1,'ACT'),('2114',430,1,'ACT'),('2116',770,1,'LEC'),('2118',460,1,'DIS'),('2119',655,1,'ACT'),('2120',687,1,'LEC'),('2135',625,2,'SUP'),('2138',658,1,'ACT'),('2142',701,3,'DIS'),('2145',455,1,'DIS'),('2148',403,1,'LEC'),('2149',449,1,'LEC'),('2150',526,1,'LEC'),('2151',704,8,'DIS'),('2152',739,1,'LEC'),('2154',415,1,'SEM'),('2155',420,1,'ACT'),('2156',433,1,'ACT'),('2157',439,1,'ACT'),('2159',447,1,'ACT'),('2162',595,2,'SEM'),('2163',596,3,'SEM'),('2164',704,7,'LEC'),('2192',511,4,'DIS'),('2193',512,5,'DIS'),('2194',508,1,'DIS'),('2195',509,2,'DIS'),('2196',518,11,'DIS'),('2197',520,14,'DIS'),('2205',547,1,'SEM'),('2207',563,1,'SEM'),('2209',553,1,'SEM'),('2211',731,1,'ACT'),('2212',760,1,'SUP'),('2215',406,2,'SUP'),('2217',427,1,'ACT'),('2222',669,2,'SUP'),('2224',642,1,'ACT'),('2226',422,1,'ACT'),('2228',565,1,'SEM'),('2229',610,1,'LEC'),('2230',673,2,'SUP'),('2233',683,1,'LEC'),('2234',683,2,'DIS'),('2235',684,3,'LEC'),('2236',684,4,'DIS'),('2237',685,5,'LEC'),('2238',685,6,'DIS'),('2239',686,7,'LEC'),('2240',686,8,'DIS'),('2241',612,1,'SUP'),('2250',407,4,'SUP'),('2333',855,1,'SEM'),('2334',856,2,'SEM'),('2335',821,1,'SUP'),('2336',866,1,'SUP'),('2337',842,1,'SEM'),('2338',818,1,'SUP'),('2339',848,1,'SUP'),('2340',849,1,'SEM'),('2341',864,1,'SEM'),('2342',865,1,'SEM'),('2344',868,1,'SUP'),('2345',835,1,'SUP'),('2346',836,1,'SUP'),('2347',859,2,'LEC'),('2348',860,3,'LEC'),('2349',861,4,'LEC'),('2350',862,5,'LEC'),('2351',844,1,'SEM'),('2353',846,1,'SEM'),('2354',847,1,'LEC'),('2355',845,1,'SUP'),('2356',823,1,'SEM'),('2357',824,1,'SEM'),('2358',825,1,'SEM'),('2359',832,1,'SEM'),('2360',806,1,'LEC'),('2361',807,2,'LEC'),('2362',816,1,'LEC'),('2363',802,1,'LEC'),('2364',804,1,'LEC'),('2365',805,2,'LEC'),('2366',808,1,'LEC'),('2367',812,1,'LEC'),('2368',813,2,'LEC'),('2369',814,1,'LEC'),('2370',815,2,'LEC'),('2371',819,1,'SEM'),('2372',822,1,'SEM'),('2373',850,2,'SEM'),('2374',811,4,'LEC'),('2375',863,6,'LEC'),('2376',858,1,'LEC'),('2377',798,1,'SEM'),('2380',837,1,'SEM'),('2407',831,1,'SEM'),('2408',779,1,'SEM'),('2409',799,1,'SUP'),('2410',867,1,'SUP'),('2411',796,1,'SEM'),('2412',781,1,'SEM'),('2414',857,1,'SUP'),('2415',800,1,'SEM'),('2416',780,1,'SEM'),('2417',786,1,'LEC'),('2418',787,2,'LEC'),('2419',788,3,'LEC'),('2420',789,4,'LEC'),('2421',790,5,'LEC'),('2422',791,6,'LEC'),('2434',826,1,'SEM'),('2435',852,1,'SEM'),('2436',853,1,'SEM'),('2437',854,1,'SEM'),('2438',817,2,'LEC'),('2440',797,1,'SEM'),('2441',827,1,'SEM'),('2442',828,1,'SUP'),('2443',829,1,'SEM'),('2444',834,1,'SEM'),('2449',839,1,'SEM'),('2451',851,3,'SEM'),('2460',793,1,'LEC'),('2461',783,1,'LEC'),('2462',784,1,'LEC'),('2463',792,1,'LEC'),('2465',794,1,'LEC'),('2470',830,1,'SEM'),('2483',982,1,'LAB'),('2484',984,1,'DIS'),('2489',953,1,'DIS'),('2490',953,2,'LAB'),('2491',1105,1,'LEC'),('2492',1255,1,'DIS'),('2493',1163,1,'DIS'),('2494',1067,1,'LEC'),('2495',1018,1,'LEC'),('2496',1018,2,'LAB'),('2497',1019,3,'LEC'),('2498',1019,4,'LAB'),('2499',1148,1,'DIS'),('2500',1149,2,'DIS'),('2501',1150,3,'DIS'),('2502',1151,4,'DIS'),('2503',1172,1,'DIS'),('2504',1171,1,'DIS'),('2505',1124,1,'DIS'),('2509',1126,1,'DIS'),('2510',906,1,'LEC'),('2511',906,2,'LAB'),('2512',907,3,'LEC'),('2513',907,4,'LAB'),('2514',1176,1,'DIS'),('2515',1177,2,'DIS'),('2516',978,1,'DIS'),('2517',1173,1,'DIS'),('2518',1188,1,'DIS'),('2519',1164,1,'DIS'),('2520',1165,3,'DIS'),('2521',1166,5,'DIS'),('2522',1247,1,'DIS'),('2523',939,1,'LEC'),('2524',939,3,'LAB'),('2525',940,4,'LEC'),('2526',940,6,'LAB'),('2529',1141,1,'DIS'),('2530',1142,2,'DIS'),('2531',1143,3,'DIS'),('2532',1075,1,'LEC'),('2533',1075,2,'LAB'),('2534',1076,3,'LEC'),('2535',1076,4,'LAB'),('2536',1133,2,'DIS'),('2537',1134,3,'DIS'),('2538',1135,4,'DIS'),('2542',995,1,'LEC'),('2543',1250,1,'LAB'),('2544',1251,2,'LAB'),('2547',1187,1,'DIS'),('2559',1108,1,'SUP'),('2561',1098,2,'SUP'),('2564',935,1,'LEC'),('2565',935,3,'LAB'),('2566',1245,1,'DIS'),('2570',1137,1,'DIS'),('2571',1138,2,'DIS'),('2572',1139,3,'DIS'),('2573',1022,1,'LEC'),('2576',1145,1,'SUP'),('2577',1146,2,'SUP'),('2582',951,1,'LEC'),('2583',1090,1,'LEC'),('2584',1167,1,'DIS'),('2585',1168,2,'DIS'),('2586',1169,3,'DIS'),('2590',962,1,'DIS'),('2591',962,2,'ACT'),('2592',963,3,'DIS'),('2593',963,4,'ACT'),('2594',964,5,'DIS'),('2595',976,30,'ACT'),('2596',965,7,'DIS'),('2597',977,32,'ACT'),('2598',966,9,'DIS'),('2599',966,10,'ACT'),('2600',970,17,'DIS'),('2601',970,18,'ACT'),('2602',971,19,'DIS'),('2603',971,20,'ACT'),('2604',972,21,'DIS'),('2605',972,22,'ACT'),('2606',973,23,'DIS'),('2607',973,24,'ACT'),('2608',974,25,'DIS'),('2609',974,26,'ACT'),('2610',975,27,'DIS'),('2611',975,28,'ACT'),('2612',902,1,'LEC'),('2613',902,2,'LAB'),('2614',903,3,'LEC'),('2615',903,4,'LAB'),('2616',1078,1,'LEC'),('2617',1078,2,'LAB'),('2618',1079,3,'LEC'),('2619',1079,4,'LAB'),('2620',1140,1,'SUP'),('2621',1068,1,'LEC'),('2622',1068,2,'LAB'),('2623',1069,3,'LEC'),('2624',1069,4,'LAB'),('2626',1036,1,'ACT'),('2627',1037,2,'ACT'),('2629',1038,3,'ACT'),('2630',1039,4,'ACT'),('2635',1040,5,'ACT'),('2638',1045,10,'ACT'),('2639',1046,11,'ACT'),('2640',1047,12,'ACT'),('2641',1055,20,'ACT'),('2644',1056,21,'ACT'),('2645',1050,15,'ACT'),('2646',1051,16,'ACT'),('2650',1052,17,'ACT'),('2651',1053,18,'ACT'),('2653',1048,13,'ACT'),('2656',1044,9,'ACT'),('2658',1049,14,'ACT'),('2660',1267,1,'SEM'),('2664',924,1,'LEC'),('2665',1249,1,'LAB'),('2666',1074,1,'LEC'),('2667',919,1,'DIS'),('2668',919,2,'LAB'),('2669',915,1,'DIS'),('2670',915,2,'LAB'),('2671',922,1,'LEC'),('2672',947,1,'DIS'),('2673',948,1,'LEC'),('2674',949,1,'LEC'),('2675',958,1,'LEC'),('2676',988,1,'DIS'),('2677',991,1,'DIS'),('2678',993,1,'DIS'),('2679',1027,1,'LEC'),('2680',1027,2,'LAB'),('2681',1028,1,'LAB'),('2682',1033,1,'LEC'),('2683',1034,1,'LEC'),('2684',1034,2,'LAB'),('2685',1081,1,'ACT'),('2686',1083,1,'ACT'),('2687',1086,1,'ACT'),('2688',1087,1,'ACT'),('2689',1088,1,'ACT'),('2690',1125,1,'DIS'),('2691',1180,1,'DIS'),('2692',1181,1,'DIS'),('2693',1182,1,'LEC'),('2694',1183,1,'DIS'),('2695',1185,1,'DIS'),('2696',1191,1,'DIS'),('2697',874,1,'DIS'),('2698',1253,1,'LAB'),('2699',1254,2,'LAB'),('2700',1256,1,'DIS'),('2701',1262,1,'DIS'),('2702',1263,1,'DIS'),('2706',994,1,'DIS'),('2707',996,1,'DIS'),('2709',1190,1,'SUP'),('2712',876,1,'LEC'),('2713',876,2,'LAB'),('2714',877,3,'LEC'),('2715',877,4,'LAB'),('2716',878,5,'LEC'),('2717',878,6,'LAB'),('2718',879,7,'LEC'),('2719',879,8,'LAB'),('2720',880,9,'LEC'),('2721',880,10,'LAB'),('2722',881,11,'LEC'),('2723',881,12,'LAB'),('2724',882,13,'LEC'),('2725',882,14,'LAB'),('2726',883,15,'LEC'),('2727',883,16,'LAB'),('2728',884,17,'LEC'),('2729',884,18,'LAB'),('2730',920,3,'DIS'),('2731',920,4,'LAB'),('2734',930,1,'LEC'),('2736',1043,8,'ACT'),('2739',1057,22,'ACT'),('2740',1089,1,'ACT'),('2741',1096,1,'SEM'),('2744',961,1,'LAB'),('2745',1178,1,'DIS'),('2746',1179,2,'DIS'),('2747',1219,1,'LEC'),('2749',1252,3,'LAB'),('2750',1080,5,'LEC'),('2751',1080,6,'LAB'),('2752',1084,1,'ACT'),('2753',1065,1,'LEC'),('2754',1065,2,'ACT'),('2755',1102,1,'LEC'),('2757',1041,6,'ACT'),('2758',1058,23,'ACT'),('2760',1266,1,'SUP'),('2761',1102,2,'ACT'),('2762',1132,1,'DIS'),('2763',1246,1,'LAB'),('2764',976,29,'DIS'),('2765',964,6,'ACT'),('2768',869,1,'LEC'),('2769',1144,4,'DIS'),('2773',904,5,'LEC'),('2774',904,6,'LAB'),('2775',905,7,'LEC'),('2776',905,8,'LAB'),('2777',979,3,'DIS'),('2778',935,2,'DIS'),('2779',939,2,'DIS'),('2780',940,5,'DIS'),('2782',950,1,'LEC'),('2786',870,2,'LEC'),('2787',872,1,'DIS'),('2788',872,2,'LAB'),('2789',1175,1,'DIS'),('2790',1070,5,'LEC'),('2791',1070,6,'LAB'),('2793',1059,24,'ACT'),('2796',1261,1,'DIS'),('2797',936,4,'LEC'),('2798',936,5,'DIS'),('2799',936,6,'LAB'),('2800',937,7,'LEC'),('2801',937,8,'DIS'),('2802',937,9,'LAB'),('2803',891,1,'LEC'),('2804',891,2,'LAB'),('2805',892,3,'LEC'),('2806',892,4,'LAB'),('2807',928,1,'SEM'),('2810',1054,19,'ACT'),('2811',1104,1,'LEC'),('2812',1042,7,'ACT'),('2813',1006,1,'LEC'),('2814',1006,2,'LAB'),('2815',1009,1,'LEC'),('2816',1010,1,'LAB'),('2817',1268,3,'SUP'),('2819',886,1,'LEC'),('2820',887,2,'LEC'),('2821',888,3,'LEC'),('2828',913,1,'DIS'),('2829',913,2,'LAB'),('2830',944,1,'LEC'),('2831',944,2,'DIS'),('2832',944,3,'LAB'),('2833',954,4,'SUP'),('2840',1012,1,'LEC'),('2841',978,2,'LAB'),('2842',979,4,'LAB'),('2843',981,1,'SUP'),('2844',984,2,'LAB'),('2845',986,1,'DIS'),('2846',987,1,'DIS'),('2847',987,2,'LAB'),('2848',988,2,'LAB'),('2849',1196,1,'SEM'),('2850',1062,1,'LEC'),('2863',1060,25,'ACT'),('2880',918,1,'LEC'),('2881',918,2,'LAB'),('2882',925,1,'DIS'),('2883',925,2,'LAB'),('2887',957,1,'DIS'),('2888',957,2,'LAB'),('2891',1082,1,'ACT'),('2892',1085,1,'ACT'),('2893',1093,1,'LEC'),('2901',1099,9,'SUP'),('2905',1011,1,'LEC'),('2906',1011,2,'LAB'),('2907',1017,1,'LEC'),('2908',1030,1,'LEC'),('2909',1030,2,'LAB'),('2910',1189,1,'DIS'),('2911',1194,1,'DIS'),('2912',991,2,'LAB'),('2913',997,1,'DIS'),('2914',1195,1,'DIS'),('2915',1077,5,'LEC'),('2916',1077,6,'LAB'),('2917',1066,3,'LEC'),('2918',1066,4,'ACT'),('2923',931,9,'SUP'),('2925',941,7,'LEC'),('2926',941,8,'DIS'),('2927',941,9,'LAB'),('2928',1000,1,'LEC'),('2929',1001,2,'LEC'),('2930',1002,1,'LAB'),('2931',1031,1,'LEC'),('2932',1031,2,'LAB'),('2934',1106,1,'SEM'),('2940',926,3,'DIS'),('2941',926,4,'LAB'),('2942',929,2,'SEM'),('2943',1032,1,'LAB'),('2952',1136,5,'DIS'),('2956',908,1,'LEC'),('2957',908,2,'LAB'),('2958',909,3,'LEC'),('2959',909,4,'LAB'),('2960',1189,2,'LAB'),('2961',1020,5,'LEC'),('2962',1020,6,'LAB'),('2963',1152,5,'DIS'),('2964',1153,6,'DIS'),('2979',1003,2,'LAB'),('2982',956,1,'LEC'),('2983',956,2,'LAB'),('2984',911,1,'DIS'),('3126',885,19,'LEC'),('3127',885,20,'LAB'),('3132',1021,7,'LEC'),('3133',1021,8,'LAB'),('3134',1023,2,'LEC'),('3135',942,10,'LEC'),('3136',942,11,'DIS'),('3137',942,12,'LAB'),('3141',1127,2,'DIS'),('3142',1128,3,'DIS'),('3143',1129,4,'DIS'),('3144',1130,5,'DIS'),('3145',1131,6,'DIS'),('3147',1154,7,'DIS'),('3148',1155,8,'DIS'),('3149',1156,9,'DIS'),('3150',1157,10,'DIS'),('3151',1158,11,'DIS'),('3152',1159,12,'DIS'),('3153',1164,2,'ACT'),('3154',1165,4,'ACT'),('3155',1166,6,'ACT'),('3157',932,1,'LEC'),('3158',932,2,'LAB'),('3159',933,3,'LEC'),('3160',933,4,'LAB'),('3163',1257,1,'DIS'),('3164',1005,1,'LEC'),('3165',1103,3,'LEC'),('3166',1103,4,'ACT'),('3167',934,5,'LEC'),('3168',934,6,'LAB'),('3170',1160,13,'DIS'),('3171',1161,14,'DIS'),('3177',948,2,'LAB'),('3178',952,1,'DIS'),('3179',952,2,'LAB'),('3183',1258,1,'LAB'),('3184',1264,1,'LEC'),('3185',1264,2,'LAB'),('3187',985,3,'DIS'),('3188',985,4,'LAB'),('3189',998,1,'DIS'),('3190',1025,1,'LEC'),('3191',1026,1,'LAB'),('3192',1029,1,'LEC'),('3193',1029,2,'LAB'),('3194',1025,2,'LAB'),('3195',1015,1,'LEC'),('3196',1013,1,'LEC'),('3197',1013,2,'LAB'),('3199',1203,1,'LEC'),('3201',1197,1,'LEC'),('3202',1197,2,'CLN'),('3203',1198,3,'LEC'),('3204',1198,4,'CLN'),('3205',1199,5,'LEC'),('3206',1199,6,'CLN'),('3207',1200,1,'LEC'),('3208',1200,2,'CLN'),('3209',1201,3,'LEC'),('3210',1201,4,'CLN'),('3211',1202,5,'LEC'),('3212',1202,6,'CLN'),('3213',1204,1,'LEC'),('3215',1205,2,'LEC'),('3217',1186,1,'DIS'),('3218',1192,1,'DIS'),('3220',1193,1,'DIS'),('3222',1109,1,'LEC'),('3223',1109,2,'DIS'),('3224',1110,3,'LEC'),('3225',1110,4,'DIS'),('3226',1111,5,'LEC'),('3227',1111,6,'DIS'),('3228',1112,7,'LEC'),('3229',1112,8,'DIS'),('3230',1113,9,'LEC'),('3231',1113,10,'DIS'),('3232',1114,11,'DIS'),('3233',1115,12,'DIS'),('3234',1116,13,'DIS'),('3235',1117,14,'DIS'),('3236',1118,15,'DIS'),('3241',1071,1,'ACT'),('3242',1091,2,'LEC'),('3244',1095,1,'LEC'),('3245',1184,1,'DIS'),('3251',1097,4,'SUP'),('3257',1100,13,'SUP'),('3264',1101,20,'SUP'),('3296',1216,2,'IND'),('3297',1217,3,'IND'),('3298',1218,4,'IND'),('3300',960,1,'LEC'),('3303',927,1,'DIS'),('3304',999,1,'SEM'),('3306',1170,1,'SUP'),('3307',1072,1,'ACT'),('3311',1206,3,'LEC'),('3312',1214,1,'PRA'),('3313',1221,1,'LAB'),('3314',1222,2,'LAB'),('3316',1223,1,'LEC'),('3317',1224,2,'LEC'),('3321',1215,2,'PRA'),('3322',1225,1,'SUP'),('3323',1226,2,'SUP'),('3324',1227,3,'SUP'),('3325',1228,4,'SUP'),('3326',1229,5,'SUP'),('3327',1230,6,'SUP'),('3330',1235,1,'SEM'),('3331',1236,2,'SEM'),('3332',945,4,'LEC'),('3333',945,5,'DIS'),('3334',945,6,'LAB'),('3341',916,1,'SEM'),('3342',916,2,'LAB'),('3346',1004,1,'LEC'),('3347',1004,2,'LAB'),('3349',980,5,'DIS'),('3350',980,6,'LAB'),('3351',983,2,'LAB'),('3358',1259,1,'DIS'),('3359',1260,1,'LAB'),('3364',1237,1,'SEM'),('3365',1238,2,'SEM'),('3366',1239,1,'SEM'),('3367',1240,2,'SEM'),('3369',1241,1,'CLN'),('3370',1242,2,'CLN'),('3371',1243,3,'CLN'),('3374',1063,1,'LEC'),('3375',1094,2,'LEC'),('3378',1162,15,'DIS'),('3379',1231,1,'SUP'),('3380',1232,2,'SUP'),('3381',1233,3,'SUP'),('3386',1147,1,'LEC'),('3388',1061,26,'ACT'),('3389',977,31,'DIS'),('3390',965,8,'ACT'),('3410',1119,16,'DIS'),('3411',1120,17,'DIS'),('3413',1016,1,'SUP'),('3427',1035,1,'SUP'),('3511',1273,1,'DIS'),('3514',1277,1,'SEM'),('3515',1278,2,'SEM'),('3516',1279,3,'SEM'),('3517',1280,4,'SEM'),('3518',1281,5,'SEM'),('3519',1282,6,'SEM'),('3520',1283,7,'SEM'),('3521',1284,8,'SEM'),('3522',1285,9,'SEM'),('3523',1271,1,'FLD'),('3524',1286,1,'SUP'),('3545',1296,1,'LEC'),('3546',1296,2,'DIS'),('3547',1297,3,'LEC'),('3548',1297,4,'DIS'),('3549',1298,5,'LEC'),('3550',1298,6,'DIS'),('3551',1299,7,'LEC'),('3552',1299,8,'DIS'),('3553',1300,9,'LEC'),('3554',1300,10,'DIS'),('3555',1301,11,'LEC'),('3556',1301,12,'DIS'),('3557',1302,13,'LEC'),('3558',1302,14,'DIS'),('3559',1287,2,'SUP'),('3560',1288,3,'SUP'),('3561',1289,4,'SUP'),('3562',1290,5,'SUP'),('3563',1291,6,'SUP'),('3564',1292,7,'SUP'),('3565',1293,8,'SUP'),('3566',1294,9,'SUP'),('3567',1295,10,'SUP'),('3569',1274,5,'DIS'),('3570',1275,6,'DIS'),('3572',1276,8,'DIS'),('3581',1272,1,'SUP'),('3582',5,1,'LEC'),('3583',7,1,'LEC'),('3584',10,1,'LEC'),('3585',11,1,'LEC'),('3586',13,1,'SEM'),('3587',14,1,'LEC'),('3588',15,1,'SEM'),('3589',16,1,'SEM'),('3591',119,1,'LEC'),('3592',131,1,'LEC'),('3593',138,1,'LEC'),('3594',140,1,'DIS'),('3595',141,1,'LEC'),('3596',142,1,'DIS'),('3597',143,1,'LEC'),('3598',146,1,'DIS'),('3599',148,1,'ACT'),('3601',12,1,'SUP'),('3602',147,1,'DIS'),('3603',470,1,'SEM'),('3604',472,1,'SEM'),('3605',475,1,'DIS'),('3606',471,1,'DIS'),('3607',573,1,'LEC'),('3608',574,1,'DIS'),('3609',575,1,'SEM'),('3610',725,1,'DIS'),('3611',726,1,'DIS'),('3612',728,1,'SEM'),('3613',64,1,'LEC'),('3614',66,1,'LEC'),('3615',68,1,'LEC'),('3616',73,1,'LEC'),('3618',79,1,'LEC'),('3619',82,1,'LEC'),('3620',84,1,'LEC'),('3621',703,2,'LEC'),('3624',411,1,'SEM'),('3625',421,1,'ACT'),('3626',434,1,'ACT'),('3627',440,1,'ACT'),('3629',446,1,'SEM'),('3631',96,1,'LEC'),('3632',102,1,'SEM'),('3633',102,2,'LAB'),('3634',103,1,'LEC'),('3635',48,1,'SEM'),('3636',448,2,'ACT'),('3637',395,1,'LEC'),('3638',399,1,'LEC'),('3639',401,1,'SEM'),('3640',396,2,'LEC'),('3642',619,1,'ACT'),('3643',485,2,'DIS'),('3644',134,1,'LEC'),('3645',768,1,'LEC'),('3646',737,1,'ACT'),('3648',752,1,'ACT'),('3649',295,2,'LEC'),('3650',298,2,'SEM'),('3652',35,1,'LEC'),('3655',540,1,'SEM'),('3656',545,1,'LEC'),('3657',555,1,'SEM'),('3658',556,1,'SEM'),('3661',564,1,'SEM'),('3662',292,4,'SEM'),('3663',265,1,'SEM'),('3664',270,1,'LEC'),('3665',281,1,'LEC'),('3666',282,1,'SEM'),('3668',558,1,'SEM'),('3669',435,1,'ACT'),('3670',441,1,'ACT'),('3671',486,3,'DIS'),('3672',488,6,'DIS'),('3673',491,11,'DIS'),('3674',496,16,'DIS'),('3675',498,18,'DIS'),('3676',500,20,'DIS'),('3677',501,21,'DIS'),('3678',210,1,'SEM'),('3679',219,1,'LEC'),('3680',895,1,'LEC'),('3681',895,2,'LAB'),('3682',896,3,'LEC'),('3683',896,4,'LAB'),('3685',244,4,'SEM'),('3686',245,5,'SEM'),('3687',246,6,'SEM'),('3688',247,7,'SEM'),('3689',248,8,'SEM'),('3690',31,2,'DIS'),('3691',897,5,'LEC'),('3692',897,6,'LAB'),('3693',898,7,'LEC'),('3694',898,8,'LAB'),('3695',899,9,'LEC'),('3696',899,10,'LAB'),('3697',900,11,'LEC'),('3698',900,12,'LAB'),('3699',901,13,'LEC'),('3700',901,14,'LAB'),('3703',893,5,'LEC'),('3704',893,6,'LAB'),('3705',894,7,'LEC'),('3706',894,8,'LAB'),('3707',921,5,'DIS'),('3708',921,6,'LAB'),('3709',910,5,'LEC'),('3710',910,6,'LAB'),('3711',914,3,'DIS'),('3712',914,4,'LAB'),('3713',917,3,'SEM'),('3714',917,4,'LAB'),('3715',889,1,'DIS'),('3716',890,2,'DIS'),('3717',922,2,'LAB'),('3718',274,1,'LEC'),('3719',275,2,'LEC'),('3720',276,3,'LEC'),('3721',277,4,'LEC'),('3722',871,3,'LEC'),('3723',873,1,'DIS'),('3724',873,2,'LAB'),('3725',875,1,'DIS'),('3726',1248,1,'SUP'),('3727',609,2,'DIS'),('3728',1265,1,'LEC'),('3729',602,3,'SEM'),('3730',603,1,'SEM'),('3731',627,1,'LEC'),('3732',648,1,'ACT'),('3733',649,2,'ACT'),('3734',650,3,'ACT'),('3735',651,1,'LEC'),('3736',680,1,'DIS'),('3737',1008,1,'LAB'),('3738',598,2,'SEM'),('3739',417,2,'SEM'),('3740',418,3,'SEM'),('3741',660,1,'DIS'),('3742',744,1,'SUP'),('3743',98,1,'LAB'),('3745',71,1,'LEC'),('3746',71,2,'ACT'),('3747',72,3,'LEC'),('3748',72,4,'ACT'),('3749',1092,1,'LEC'),('3751',1107,1,'SEM'),('3752',465,1,'LEC'),('3753',631,1,'LEC'),('3754',707,1,'LEC'),('3755',616,1,'LEC'),('3756',403,2,'DIS'),('3757',404,3,'LEC'),('3758',404,4,'DIS'),('3759',405,5,'LEC'),('3760',405,6,'DIS'),('3761',449,2,'DIS'),('3762',450,3,'LEC'),('3763',450,4,'DIS'),('3764',451,5,'LEC'),('3765',451,6,'DIS'),('3766',465,2,'DIS'),('3767',466,3,'LEC'),('3768',466,4,'DIS'),('3769',467,5,'LEC'),('3770',467,6,'DIS'),('3771',526,2,'DIS'),('3772',527,3,'LEC'),('3773',527,4,'DIS'),('3774',528,5,'LEC'),('3775',528,6,'DIS'),('3776',529,7,'LEC'),('3777',529,8,'DIS'),('3778',530,13,'LEC'),('3779',530,14,'DIS'),('3780',531,15,'LEC'),('3781',531,16,'DIS'),('3782',631,2,'DIS'),('3783',632,3,'LEC'),('3784',632,4,'DIS'),('3785',633,5,'LEC'),('3786',633,6,'DIS'),('3787',705,9,'LEC'),('3788',705,10,'DIS'),('3789',706,11,'LEC'),('3790',706,12,'DIS'),('3793',1007,1,'LEC'),('3794',1220,2,'LEC'),('3795',739,2,'DIS'),('3796',740,3,'LEC'),('3797',740,4,'DIS'),('3798',741,5,'LEC'),('3799',741,6,'DIS'),('3800',742,7,'LEC'),('3801',742,8,'DIS'),('3802',743,9,'LEC'),('3803',743,10,'DIS'),('3804',707,2,'DIS'),('3805',708,3,'LEC'),('3806',708,4,'DIS'),('3807',709,5,'LEC'),('3808',709,6,'DIS'),('3809',394,2,'LEC'),('3810',688,1,'LEC'),('3811',303,1,'LEC'),('3812',178,1,'LEC'),('3813',182,1,'SEM'),('3814',183,1,'SEM'),('3815',186,1,'SEM'),('3816',187,1,'SEM'),('3817',188,1,'SEM'),('3818',189,1,'SEM'),('3819',190,1,'SEM'),('3820',191,1,'SEM'),('3821',454,1,'LEC'),('3823',461,1,'DIS'),('3824',463,1,'DIS'),('3826',989,3,'DIS'),('3827',989,4,'LAB'),('3828',990,1,'LEC'),('3829',990,2,'LAB'),('3830',992,1,'DIS'),('3835',1064,2,'LEC'),('3836',1073,1,'LEC'),('3839',1024,1,'LEC'),('3848',1121,18,'DIS'),('3849',1122,19,'DIS'),('3850',1123,1,'LEC'),('3853',1174,2,'DIS'),('3854',938,10,'LEC'),('3855',938,11,'DIS'),('3856',938,12,'LAB'),('3860',943,1,'DIS'),('3865',955,1,'LEC'),('3866',955,2,'LAB'),('3867',959,19,'SUP'),('3879',782,1,'LEC'),('3880',785,1,'LEC'),('3881',795,1,'LEC'),('3883',801,1,'SEM'),('3884',803,2,'LEC'),('3885',809,2,'LEC'),('3886',810,3,'LEC'),('3887',820,2,'SEM'),('3888',923,3,'LEC'),('3889',923,4,'LAB'),('3890',1269,1,'LEC'),('3891',1269,2,'DIS'),('3892',1270,3,'LEC'),('3893',1270,4,'DIS'),('3896',135,2,'LEC'),('3897',139,1,'DIS'),('3898',145,1,'DIS'),('3899',661,1,'ACT'),('3900',273,1,'LEC'),('3901',130,1,'SEM'),('3902',833,2,'SEM'),('3903',840,1,'LEC'),('3904',841,1,'LEC'),('3905',843,2,'SEM'),('3907',568,1,'DIS'),('3908',729,1,'SEM'),('3909',398,2,'LEC'),('3910',734,1,'ACT'),('3911',765,1,'ACT'),('3912',1014,1,'LEC'),('3914',584,4,'SUP'),('3915',1234,4,'SUP'),('3919',569,1,'SUP'),('3945',165,11,'DIS'),('3946',179,1,'LEC'),('3949',317,5,'DIS'),('3950',329,2,'DIS'),('3952',967,11,'DIS'),('3953',967,12,'ACT'),('3954',968,13,'DIS'),('3955',968,14,'ACT'),('3956',969,15,'DIS'),('3957',969,16,'ACT'),('3962',379,2,'LEC'),('3963',380,3,'LEC'),('3975',336,1,'LEC'),('3976',338,1,'LEC'),('3977',341,1,'DIS'),('3978',357,1,'LEC'),('3979',372,1,'LEC'),('3980',386,1,'SEM'),('3981',388,1,'SEM'),('3982',389,1,'SEM'),('3983',390,2,'SEM'),('3984',391,3,'SEM'),('3991',337,2,'LEC'),('4001',524,20,'DIS'),('4003',659,1,'SUP'),('4004',28,2,'LEC'),('4005',212,1,'SEM'),('4006',481,1,'LEC'),('4009',171,1,'LEC'),('4010',171,2,'DIS'),('4011',172,3,'LEC'),('4012',172,4,'DIS'),('4013',173,5,'LEC'),('4014',173,6,'DIS'),('4015',174,7,'LEC'),('4016',174,8,'DIS'),('4115',1244,4,'CLN'),('4123',554,2,'SEM'),('4124',525,21,'DIS'),('4125',402,1,'SEM'),('4224',539,1,'LEC'),('4225',593,1,'LEC'),('4226',456,1,'DIS'),('4227',457,2,'DIS'),('4228',459,1,'DIS'),('4241',458,1,'ACT'),('4248',946,1,'LEC'),('4249',946,2,'LAB'),('4250',1207,1,'LEC'),('4251',1208,2,'LEC'),('4252',1209,1,'SUP'),('4253',1210,2,'SUP'),('4254',1211,3,'SUP'),('4255',1212,4,'SUP'),('4256',1213,5,'SUP'),('4258',838,1,'SEM'),('4259',535,1,'LEC'),('4264',452,1,'LEC'),('4289',150,2,'SEM'),('4290',912,2,'DIS');
/*!40000 ALTER TABLE `section` ENABLE KEYS */;
UNLOCK TABLES;

--
-- Table structure for table `section_professor`
--

DROP TABLE IF EXISTS `section_professor`;
/*!40101 SET @saved_cs_client     = @@character_set_client */;
/*!40101 SET character_set_client = utf8 */;
CREATE TABLE `section_professor` (
  `id` int(11) NOT NULL AUTO_INCREMENT,
  `section_id` char(4) NOT NULL,
  `prof_id` varchar(9) NOT NULL,
  PRIMARY KEY (`id`),
  KEY `section_id` (`section_id`),
  KEY `prof_id` (`prof_id`),
  CONSTRAINT `section_professor_ibfk_1` FOREIGN KEY (`section_id`) REFERENCES `section` (`id`) ON DELETE CASCADE ON UPDATE CASCADE,
  CONSTRAINT `section_professor_ibfk_2` FOREIGN KEY (`prof_id`) REFERENCES `professor` (`id`) ON UPDATE CASCADE
) ENGINE=InnoDB AUTO_INCREMENT=1571 DEFAULT CHARSET=latin1;
/*!40101 SET character_set_client = @saved_cs_client */;

--
-- Dumping data for table `section_professor`
--

LOCK TABLES `section_professor` WRITE;
/*!40000 ALTER TABLE `section_professor` DISABLE KEYS */;
INSERT INTO `section_professor` VALUES (1,'1225',''),(2,'1056','004394837'),(3,'1171','000008294'),(4,'1007','002257520'),(5,'3582','004394837'),(6,'1079','004394837'),(7,'3583','003234756'),(8,'1023','000000572'),(9,'1030','000008294'),(10,'3584','002257520'),(11,'3585','000000572'),(12,'3601','003234756'),(13,'3586','001352967'),(14,'3587','004378769'),(15,'3588','000003302'),(16,'3589',''),(17,'1168','000003302'),(18,'1245','000027846'),(19,'1273','003234756'),(20,'1169','000003302'),(21,'1274','003234756'),(22,'1058','000002587'),(23,'1059','003811631'),(24,'1253','000019734'),(25,'1167','000011141'),(26,'1390','003811631'),(27,'1276','003811631'),(28,'4004','002755277'),(29,'1016','000030238'),(30,'1229','003003434'),(31,'3690','003003434'),(32,'1115','004420720'),(33,'1194','000019305'),(34,'1391','000011141'),(35,'3652','000019305'),(36,'1133','003251071'),(37,'1278','000019734'),(38,'1117','000019305'),(39,'1254','000019734'),(40,'1134','000001833'),(41,'1174','000359520'),(42,'1080','000115315'),(43,'1081','000173750'),(44,'1082','000173750'),(45,'1083','003004513'),(46,'1084','003004513'),(47,'1085','000003627'),(48,'1086','000003627'),(49,'1087','000003068'),(50,'1088','000003068'),(51,'1089','000003627'),(52,'1090','000003627'),(53,'3635','000003068'),(54,'1075','002877646'),(55,'1093','003004513'),(56,'1094','003004513'),(57,'1321','000017472'),(58,'1322','000017472'),(59,'1323','002877646'),(60,'1324','002877646'),(61,'1325','000003068'),(62,'1326','000003068'),(63,'1095','000755981'),(64,'1095','000773427'),(65,'1096','000000403'),(66,'1327','000000403'),(67,'1208','000760180'),(68,'1072','000760180'),(69,'1299','002877646'),(70,'1328','000945703'),(71,'1329','000003627'),(72,'1024','000010075'),(73,'1186','000010075'),(74,'3613','004387063'),(75,'1266','002442484'),(76,'3614','002762375'),(77,'1287','000009204'),(78,'3615','004407369'),(79,'1011','000009581'),(80,'1098',''),(81,'3745','002442484'),(82,'3746','002442484'),(83,'3747','002442484'),(84,'3748','002442484'),(85,'3616','000001742'),(86,'3616','000005681'),(87,'1164','000001742'),(88,'1164','000005681'),(89,'1196','002442497'),(90,'1100','000014001'),(91,'1101','000009581'),(92,'1379','000009204'),(93,'3618','000014001'),(94,'1214','002442497'),(95,'1102','004387063'),(96,'3619','004387063'),(97,'1382','000213569'),(98,'3620','000009204'),(99,'1265','002442484'),(100,'1265','002442497'),(101,'1103','000014001'),(102,'1332','003540425'),(103,'1337','003540425'),(104,'1338','003540425'),(105,'1339','003540425'),(106,'1340','003540425'),(107,'1341','003540425'),(108,'1342','003540425'),(109,'1343','003540425'),(110,'1344','003540425'),(111,'1345','003540425'),(112,'1346','003540425'),(113,'1347','003540425'),(114,'1008','003009323'),(115,'1170','004084124'),(116,'1350','004084124'),(117,'3631','000019474'),(118,'1407','004084124'),(119,'3743','003540425'),(120,'1209','003009323'),(121,'1330','004084124'),(122,'1334','003540425'),(123,'3632','002484448'),(124,'3633','002484448'),(125,'3634','000019474'),(126,'1336','003540425'),(127,'1104','003009323'),(128,'1031','000187530'),(129,'1211','000187530'),(130,'1298','001656075'),(131,'1226','000006916'),(132,'1180','000006916'),(133,'1403','000006916'),(134,'1286',''),(135,'1141','002492040'),(136,'1300','002492040'),(137,'1046','002968594'),(138,'1053','000003445'),(139,'1054','000027573'),(140,'1199','002968594'),(141,'3591',''),(142,'1160','000002093'),(143,'1195','000027573'),(144,'1408','002221458'),(145,'1409','002221458'),(146,'1015','001394398'),(147,'1140','002723284'),(148,'1159','000029250'),(149,'1268','000029250'),(150,'1410','000029250'),(151,'1422','002221458'),(152,'3901',''),(153,'3592','002723284'),(154,'1352','000002093'),(155,'1282','001394398'),(156,'3644','003234756'),(157,'3896','004076571'),(158,'1353','000003445'),(159,'1012','001299823'),(160,'3593','000005967'),(161,'3897','000002834'),(162,'3594','001299823'),(163,'3595','001299823'),(164,'3596','000002093'),(165,'3597','000003445'),(166,'1406','004118535'),(167,'3898','000005629'),(168,'3598','001394398'),(169,'3602','000020215'),(170,'3599','002723284'),(171,'1022','000002834'),(172,'4289','000002834'),(173,'1105','002723284'),(174,'1061',''),(175,'1073',''),(176,'1049',''),(177,'1032','000020449'),(178,'1220','000017446'),(179,'1002','000000065'),(180,'1004','002492365'),(181,'1237','002492365'),(182,'1238','002492365'),(183,'1247','002492365'),(184,'1256','002492365'),(185,'1267','000009841'),(186,'1301','000009841'),(187,'3945','000026741'),(188,'1029','000009841'),(189,'1210','000020839'),(190,'1013','003008231'),(191,'1014','003008231'),(192,'1161','000009256'),(193,'1255','000017446'),(194,'4009','000009256'),(195,'4010','000009256'),(196,'4011','000009256'),(197,'4012','000020839'),(198,'4013','000009256'),(199,'4014','000020839'),(200,'4015','000009256'),(201,'4016','000004212'),(202,'1047','000020839'),(203,'1257','000009841'),(204,'1106','003008231'),(205,'3812','000009256'),(206,'3946','004420720'),(207,'1364','000000065'),(208,'1239','003003434'),(209,'3813','000000065'),(210,'3814','000051443'),(211,'1366','000017446'),(212,'1010','000020449'),(213,'3815','000013039'),(214,'3816','000051443'),(215,'3817','000051443'),(216,'3818','000009269'),(217,'3819','000027352'),(218,'3820','001451351'),(219,'1050','000022321'),(220,'1051','000634184'),(221,'1212','000634184'),(222,'1197','000001677'),(223,'1216','002768693'),(224,'1057','000038597'),(225,'1242','003031228'),(226,'1402','000038597'),(227,'1302','000000377'),(228,'1044','000022321'),(229,'1045','000022321'),(230,'1005','000038597'),(231,'1006','000038597'),(232,'1401','002768693'),(233,'1258','000003328'),(234,'1400','000001677'),(235,'1418','000009477'),(236,'1419','003246404'),(237,'3678','000009477'),(238,'1221','000006032'),(239,'4005','004420746'),(240,'1176','000002184'),(241,'1259','001389549'),(242,'1260','001389549'),(243,'1177','003246404'),(244,'1271','003246404'),(245,'1283','001656075'),(246,'3679','000006032'),(247,'1198','003031228'),(248,'1178',''),(249,'1165','000028210'),(250,'1222','000006916'),(251,'1179','000006916'),(252,'1028','000011713'),(253,'1025','000011713'),(254,'1026','001389549'),(255,'1241','003490310'),(256,'1284','000634184'),(257,'1215','003494171'),(258,'1074','000000377'),(259,'1067','003494171'),(260,'1230','000002574'),(261,'1142',''),(262,'1146',''),(263,'1147',''),(264,'1148',''),(265,'1149',''),(266,'1190',''),(267,'1191',''),(268,'1127','000026585'),(269,'1128','000011713'),(270,'1294','000004888'),(271,'3685','003031228'),(272,'3686','000002574'),(273,'3687','000009477'),(274,'3688','000006032'),(275,'3689',''),(276,'1399','000006916'),(277,'1076','000003068'),(278,'1068','000030264'),(279,'1069','000030264'),(280,'1070','000030264'),(281,'1077','000030264'),(282,'1078','000030264'),(283,'1109','000030264'),(284,'1110','000030264'),(285,'1111','000030264'),(286,'1129','000030264'),(287,'1130','000030264'),(288,'1386','000069373'),(289,'1017','000069373'),(290,'1018','000069373'),(291,'1162','000000585'),(292,'3663','002492001'),(293,'1033','003809330'),(294,'1416','000038623'),(295,'1417','004114206'),(296,'1263','000013650'),(297,'3664','002755277'),(298,'1429','000030264'),(299,'1163','000001833'),(300,'3900','000013650'),(301,'3718','002176413'),(302,'3719','000011531'),(303,'3720','002174476'),(304,'3721','003809330'),(305,'1396','001650836'),(306,'1187','002257520'),(307,'1232','002257520'),(308,'3665','000013650'),(309,'3666','000000585'),(310,'1397','004346373'),(311,'1132','003251071'),(312,'1392','004125971'),(313,'1182','001650836'),(314,'1243','002176413'),(315,'1244','002176413'),(316,'1043','000011531'),(317,'1223','002176413'),(318,'1158','000000585'),(319,'3662','002755277'),(320,'1114','000003458'),(321,'1034','001061091'),(322,'3649','001061091'),(323,'1055','004118535'),(324,'1240','000096530'),(325,'3650','000003094'),(326,'1060','000028288'),(327,'1009','002723037'),(328,'1113',''),(329,'1404','003246404'),(330,'3811','000019305'),(331,'1213','004118535'),(332,'1112','000028288'),(333,'1441','000028288'),(334,'1604','000027833'),(335,'1605','000027833'),(336,'1602','000011596'),(337,'1603','000011596'),(338,'1598',''),(339,'1616','000018031'),(340,'1567','001285237'),(341,'1568','001285237'),(342,'1569','004394018'),(343,'1689','004394018'),(344,'3949','004394018'),(345,'1610','000006695'),(346,'1583','000027521'),(347,'1584','002491858'),(348,'1619','000027521'),(349,'1590','002491858'),(350,'1591','002491858'),(351,'1611','000010166'),(352,'1620','000010166'),(353,'1574','000002665'),(354,'1617','000002665'),(355,'1565','002174385'),(356,'3950','002174385'),(357,'1675','002174385'),(358,'1637','004109916'),(359,'1581','002731292'),(360,'1582','002731292'),(361,'1645','000013832'),(362,'1566','002174359'),(363,'3975','003800854'),(364,'3991','003800854'),(365,'3976','002174359'),(366,'1589','000009126'),(367,'1636','000009126'),(368,'3977','000007254'),(369,'1571','001392708'),(370,'1572','002174398'),(371,'1573','001392708'),(372,'1663','000009165'),(373,'1651','000004069'),(374,'1653','000004069'),(375,'1659','000004069'),(376,'1661','000004069'),(377,'1667','000002665'),(378,'1585','000018031'),(379,'1588','000002535'),(380,'1647','001285237'),(381,'1606','000002535'),(382,'1632','000013832'),(383,'1609','002180040'),(384,'3978','000010166'),(385,'1638','000009126'),(386,'1576','000007254'),(387,'1648','000007254'),(388,'1575','001392708'),(389,'1614','001394814'),(390,'1649','001394814'),(391,'1650','002174398'),(392,'1577','000001040'),(393,'1578','000001040'),(394,'1579','000021762'),(395,'1612','000021762'),(396,'1633',''),(397,'1629','000004069'),(398,'1683',''),(399,'3979','000006695'),(400,'1685','003800854'),(401,'1639',''),(402,'1600','002721893'),(403,'1669',''),(404,'1601','002720073'),(405,'1586',''),(406,'3962','003800880'),(407,'3963','002182497'),(408,'1678','002351783'),(409,'1677','002721893'),(410,'1592','002720073'),(411,'1580','002182497'),(412,'1634','000027924'),(413,'3980','002182497'),(414,'1666','003490934'),(415,'3981','000009789'),(416,'3982','003800880'),(417,'3983','000027924'),(418,'3984',''),(419,'1596',''),(420,'2035','002723037'),(421,'3809','000015171'),(422,'3637','002723037'),(423,'3640','002721100'),(424,'2036','000010140'),(425,'3909','001976668'),(426,'3638','000015171'),(427,'2006','003008504'),(428,'3639','000010140'),(429,'4125','003008504'),(430,'2148','000019110'),(431,'2148','002740119'),(432,'3756','000019110'),(433,'3756','002740119'),(434,'3757','000019110'),(435,'3757','002740119'),(436,'3758','000019110'),(437,'3758','002740119'),(438,'3759','000019110'),(439,'3759','002740119'),(440,'3760','000019110'),(441,'3760','002740119'),(442,'2215','004105418'),(443,'2250','000019110'),(444,'2250','002740119'),(445,'1785','004105418'),(446,'1839','004105418'),(447,'1758','000028080'),(448,'3624','000016835'),(449,'2067','002740119'),(450,'2066','000019110'),(451,'2058','000016835'),(452,'2154','002740119'),(453,'2001','000019110'),(454,'3739','002740119'),(455,'3740','002740119'),(456,'1977','000028080'),(457,'2155','004086789'),(458,'3625','003249849'),(459,'2226','004086789'),(460,'1835','004353484'),(461,'1705','003249849'),(462,'1750','000028379'),(463,'1980','000005902'),(464,'2217','001650810'),(465,'1894','000028080'),(466,'1897','000028080'),(467,'2114','003249849'),(468,'2089','004353484'),(469,'1746','001650810'),(470,'2156','000028080'),(471,'3626','000005902'),(472,'3669','000006214'),(473,'1949','001650810'),(474,'2037','000006214'),(475,'1813','000002405'),(476,'2157','000028080'),(477,'3627','000005902'),(478,'3670','000006214'),(479,'1950','001650810'),(480,'2113','004353484'),(481,'1801','001650810'),(482,'2017',''),(483,'3629','000002405'),(484,'2159','000006214'),(485,'3636','000005902'),(486,'2149','003008504'),(487,'2149','001650823'),(488,'3761','003008504'),(489,'3761','001650823'),(490,'3762','003008504'),(491,'3762','001650823'),(492,'3763','003008504'),(493,'3763','001650823'),(494,'3764','003008504'),(495,'3764','001650823'),(496,'3765','003008504'),(497,'3765','001650823'),(498,'4264','003279502'),(499,'1931','002731305'),(500,'3821','002180872'),(501,'2145','001650823'),(502,'4226','003951784'),(503,'4227','003951784'),(504,'4241','003249836'),(505,'4228','003951784'),(506,'2118','003279502'),(507,'3823','002180872'),(508,'1951','002731305'),(509,'3824','002180872'),(510,'2077','002731305'),(511,'3752','000000182'),(512,'3766','000000182'),(513,'3767','000000182'),(514,'3768','000000182'),(515,'3769','000000182'),(516,'3770','000000182'),(517,'1962','004387089'),(518,'1749','000006552'),(519,'3603','001267349'),(520,'3606','004387089'),(521,'3604','000024102'),(522,'1729','000001547'),(523,'1752','001267349'),(524,'3605','000001547'),(525,'1787','004387089'),(526,'2008','004390053'),(527,'1964','001267349'),(528,'1722','000024102'),(529,'1834','000000182'),(530,'4006','000013650'),(531,'1745',''),(532,'1831','000010530'),(533,'2038','003040900'),(534,'3643','001562735'),(535,'3671','003484395'),(536,'2041','001562735'),(537,'3672','003040900'),(538,'2049','002974743'),(539,'2044','003372413'),(540,'3673','000659924'),(541,'2045','002687807'),(542,'2046','002974743'),(543,'2047','003040900'),(544,'2048','002392681'),(545,'3674','003664419'),(546,'2050','002925564'),(547,'3675','000452665'),(548,'2051','000659924'),(549,'3676','003300965'),(550,'3677','003040900'),(551,'2053','001543183'),(552,'2054','004038741'),(553,'2052','003372413'),(554,'2056','002392681'),(555,'2091','003752338'),(556,'2092','000408088'),(557,'2194','000010621'),(558,'2195','000003458'),(559,'2094','000010621'),(560,'2192','000000611'),(561,'2193','000003458'),(562,'2095',''),(563,'2096','000000611'),(564,'2097','000003458'),(565,'2098',''),(566,'2099','000010621'),(567,'2196','000452665'),(568,'2100','000002925'),(569,'2197',''),(570,'1703','000000611'),(571,'1921','001543183'),(572,'2102','001299849'),(573,'4001','000659924'),(574,'4124','001543183'),(575,'2150','000027963'),(576,'3771','002720086'),(577,'3772','000027963'),(578,'3773','003216036'),(579,'3773','003547770'),(580,'3774','000027963'),(581,'3775','002720086'),(582,'3776','000027963'),(583,'3777','000027963'),(584,'3778','000027963'),(585,'3779','003216036'),(586,'3779','003547770'),(587,'3780','000027963'),(588,'3781','000408088'),(589,'2039','000003679'),(590,'2040','000028041'),(591,'2009','002174424'),(592,'4259','000011869'),(593,'1771','002174424'),(594,'2104','000000507'),(595,'2105','000010530'),(596,'4224','003819080'),(597,'3655','000005876'),(598,'2010','000002314'),(599,'1707','000005876'),(600,'2070','000007488'),(601,'1728','000003679'),(602,'3656','002174424'),(603,'2112','000015678'),(604,'2205','000028041'),(605,'1739','000028041'),(606,'1740','000015678'),(607,'2015',''),(608,'2016',''),(609,'1848',''),(610,'2209','002720086'),(611,'4123','000019110'),(612,'3657','000000507'),(613,'3658','002720086'),(614,'1966','000007488'),(615,'1966','002495407'),(616,'3668','000011869'),(617,'1995','001299849'),(618,'1906','000028041'),(619,'1909','000028041'),(620,'1911',''),(621,'2207','000011869'),(622,'3661','000015171'),(623,'2228','000010530'),(624,'1721','000011869'),(625,'1852','000011869'),(626,'3907','000266505'),(627,'3919',''),(628,'1857','000001950'),(629,'1858','000001950'),(630,'1859','000001027'),(631,'3607','000001950'),(632,'3608','000001950'),(633,'3609','000001027'),(634,'2083','001621118'),(635,'2084','001621118'),(636,'1928','000005057'),(637,'1929','000005057'),(638,'1860','000005057'),(639,'1862','000005057'),(640,'1861','000005057'),(641,'1865','000012909'),(642,'1866','000012909'),(643,'1867','000015782'),(644,'3914','000015782'),(645,'1869','000010400'),(646,'1870','000010400'),(647,'1871','002440027'),(648,'1872','002440027'),(649,'1873','002176894'),(650,'1874','002176894'),(651,'1875','000014898'),(652,'1876','000014898'),(653,'1877','002714821'),(654,'1878','002714821'),(655,'1879','001642529'),(656,'1880','001642529'),(657,'1881','000030589'),(658,'1882','000030589'),(659,'2068','000004784'),(660,'2069','000004784'),(661,'4225','000010400'),(662,'1815','002176894'),(663,'2162','000007267'),(664,'2163','000004784'),(665,'1838','000015782'),(666,'3738','001642529'),(667,'1965','001642529'),(668,'1719','000002236'),(669,'1720','000014898'),(670,'3729','000007267'),(671,'3730','002714821'),(672,'2087','002714821'),(673,'1832',''),(674,'1833','000002236'),(675,'1974','000004784'),(676,'2021','002440027'),(677,'3727','002440027'),(678,'2229',''),(679,'2061','000007267'),(680,'2241','000015782'),(681,'1981','000015782'),(682,'1784','000007267'),(683,'1997','000007267'),(684,'3755','001392721'),(685,'1853','002723297'),(686,'2022','001694451'),(687,'3642','000304894'),(688,'1983','003819405'),(689,'2026','000304894'),(690,'1695','003277721'),(691,'1800','000004680'),(692,'1697','000011505'),(693,'2135','004105912'),(694,'1843','000003536'),(695,'3731','000304894'),(696,'1968','000013325'),(697,'1915','003277409'),(698,'1916','000011505'),(699,'3753','000013325'),(700,'3782','000022945'),(701,'3783','000013325'),(702,'3784','000022945'),(703,'3785','000013325'),(704,'3786','000013325'),(705,'1855','000011505'),(706,'1969','000011505'),(707,'1953','002723297'),(708,'1955','003249862'),(709,'1961','000011505'),(710,'1970','000011505'),(711,'2023','001694451'),(712,'1836','001694451'),(713,'2224','001694451'),(714,'1954','002221640'),(715,'1706','000304894'),(716,'2024','000033761'),(717,'1841','000011505'),(718,'1842','000011505'),(719,'3732',''),(720,'3733',''),(721,'3734',''),(722,'3735','003249862'),(723,'1986','000304894'),(724,'2011','001295169'),(725,'2025','002500100'),(726,'2119','000000598'),(727,'2012','003249862'),(728,'1770','003819405'),(729,'2138','004105912'),(730,'4003','004388896'),(731,'3741','000304894'),(732,'3899','000304894'),(733,'1987','000003367'),(734,'2034','003249862'),(735,'1798','004045735'),(736,'1940','000018486'),(737,'1941','002231676'),(738,'1957','000004654'),(739,'2027','000304894'),(740,'2222','004105886'),(741,'1704','000004680'),(742,'1958','002500100'),(743,'1730','000011505'),(744,'2230','004105912'),(745,'1804','000304894'),(746,'1944','002221640'),(747,'1797','004105860'),(748,'1925',''),(749,'1918','003277409'),(750,'1919','000011505'),(751,'3736','003249862'),(752,'1732',''),(753,'1814',''),(754,'2233','002178090'),(755,'2234',''),(756,'2235','002178090'),(757,'2236',''),(758,'2237','002178090'),(759,'2238',''),(760,'2239','002178090'),(761,'2240',''),(762,'2120','002721100'),(763,'3810','002721100'),(764,'1820','000408088'),(765,'1821','002494445'),(766,'1822',''),(767,'1823','002257494'),(768,'1824','000000819'),(769,'1825','000000819'),(770,'1826','000004849'),(771,'1827','002257494'),(772,'1828','000026611'),(773,'1829','000408088'),(774,'1782','000004849'),(775,'1783','000004849'),(776,'2142','000004849'),(777,'1845','000004043'),(778,'3621','000026611'),(779,'2164','000005850'),(780,'2164','000002925'),(781,'2151','000002925'),(782,'2151','000005850'),(783,'3787','000005850'),(784,'3787','000002925'),(785,'3788','000005850'),(786,'3788','000002925'),(787,'3789','000005850'),(788,'3789','000002925'),(789,'3790','000005850'),(790,'3790','000002925'),(791,'3754','003278592'),(792,'3804','003278592'),(793,'3805','003278592'),(794,'3806','003278592'),(795,'3807','003278592'),(796,'3808','003278592'),(797,'2002','000005850'),(798,'1748','002494445'),(799,'2003','000005850'),(800,'2004','000026611'),(801,'2005','003278592'),(802,'2020','000004043'),(803,'1714',''),(804,'2086',''),(805,'1747',''),(806,'1734','003303019'),(807,'1780','003303019'),(808,'1973','003531598'),(809,'1694','003531598'),(810,'2057','003279567'),(811,'1863','003539567'),(812,'3610','000005525'),(813,'3611','003539567'),(814,'1864','000005525'),(815,'3612','001392721'),(816,'3908','003279567'),(817,'1927','003539567'),(818,'2211','000003965'),(819,'1819','004410905'),(820,'1799',''),(821,'3910','000004589'),(822,'1959','000004589'),(823,'1755','000003965'),(824,'3646','000006526'),(825,'1885','000009763'),(826,'2152','003249836'),(827,'3795','003249836'),(828,'3796','003249836'),(829,'3797','000019955'),(830,'3798','003249836'),(831,'3799','003540269'),(832,'3800','003249836'),(833,'3801','003540269'),(834,'3802','003249836'),(835,'3803','000019955'),(836,'3742','000004589'),(837,'1883','003249836'),(838,'1781','004410905'),(839,'2033','001665149'),(840,'2028','001665149'),(841,'2031','001665149'),(842,'1886','000004589'),(843,'2071','000003965'),(844,'3648','000003965'),(845,'1926','001800635'),(846,'1723','001266465'),(847,'1724',''),(848,'1725','000004589'),(849,'1726','000004589'),(850,'1727','000004589'),(851,'1817','000003965'),(852,'1818','000003965'),(853,'2212','003249836'),(854,'2029','001665149'),(855,'1887','000004589'),(856,'1888','000003965'),(857,'2062','000028002'),(858,'3911','001266465'),(859,'1975','000003965'),(860,'1890','000019955'),(861,'3645','002688405'),(862,'2110','000019955'),(863,'2116','003249836'),(864,'2019','001665149'),(865,'2030','001665149'),(866,'1891','000004589'),(867,'1892','000003965'),(868,'1960','000019955'),(869,'1777',''),(870,'1778',''),(871,'1779',''),(872,'2408','003256336'),(873,'2416','003256336'),(874,'2412','000027937'),(875,'3879','000014300'),(876,'2461','000039689'),(877,'2462','003750297'),(878,'3880','000023595'),(879,'2417','000012948'),(880,'2418','003750297'),(881,'2419','000091668'),(882,'2420','002180846'),(883,'2421','000014300'),(884,'2422','003750297'),(885,'2463',''),(886,'2460','000014300'),(887,'2465','000023595'),(888,'3881','000023595'),(889,'2411','000012103'),(890,'2440','004354290'),(891,'2377','000012103'),(892,'2409','002494341'),(893,'2415','002233951'),(894,'3883','000003809'),(895,'2363','000088847'),(896,'3884','000088847'),(897,'2364','000006279'),(898,'2365',''),(899,'2360',''),(900,'2361',''),(901,'2366','000003809'),(902,'3885','000012948'),(903,'3886','000012948'),(904,'2374','000003809'),(905,'2367','003007893'),(906,'2368','003007893'),(907,'2369',''),(908,'2370',''),(909,'2362','000004303'),(910,'2362','000009867'),(911,'2438','000004303'),(912,'2438','000009867'),(913,'2338','003007893'),(914,'2371',''),(915,'3887',''),(916,'2335',''),(917,'2372',''),(918,'2356','000006383'),(919,'2357','002180846'),(920,'2358','000006279'),(921,'2434','000021814'),(922,'2441','002174437'),(923,'2442','003800828'),(924,'2443','003800828'),(925,'2470','003800828'),(926,'2407','003800828'),(927,'2359','000021814'),(928,'3902','002174437'),(929,'2444','000130044'),(930,'2345',''),(931,'2346',''),(932,'2380','000014976'),(933,'4258','003800828'),(934,'2449','003800828'),(935,'3903',''),(936,'3904','000021814'),(937,'2337','000012441'),(938,'3905','000012441'),(939,'2351',''),(940,'2355',''),(941,'2353','000012441'),(942,'2354','002195705'),(943,'2339',''),(944,'2340',''),(945,'2373',''),(946,'2451',''),(947,'2435','004047113'),(948,'2436','004550317'),(949,'2437',''),(950,'2333',''),(951,'2334',''),(952,'2414','000012948'),(953,'2376','000011843'),(954,'2347','000003809'),(955,'2348','000011843'),(956,'2349','000011843'),(957,'2350','000011843'),(958,'2375','000011843'),(959,'2341','002180846'),(960,'2342','001640046'),(961,'2336','001640046'),(962,'2410','001640046'),(963,'2344','001640046'),(964,'2768','002500802'),(965,'2786','004404262'),(966,'3722','004404262'),(967,'2787','004404262'),(968,'2788','004404262'),(969,'3723','002731318'),(970,'3724','002731318'),(971,'2697','004404262'),(972,'3725','002731318'),(973,'2712','000004693'),(974,'2713',''),(975,'2714','000004693'),(976,'2715',''),(977,'2716','000004693'),(978,'2717',''),(979,'2718','000004693'),(980,'2719',''),(981,'2720','000004693'),(982,'2721',''),(983,'2722','000004693'),(984,'2723',''),(985,'2724','000004693'),(986,'2725',''),(987,'2726','000004693'),(988,'2727',''),(989,'2728','000004693'),(990,'2729',''),(991,'3126','000004693'),(992,'3127',''),(993,'2819','000004693'),(994,'2820','003810071'),(995,'2821','000030277'),(996,'3715','002174372'),(997,'3716','002174372'),(998,'2803','003234743'),(999,'2804',''),(1000,'2805','003234743'),(1001,'2806',''),(1002,'3703','003234743'),(1003,'3704',''),(1004,'3705','003234743'),(1005,'3706',''),(1006,'3680','000000845'),(1007,'3680','000008359'),(1008,'3681',''),(1009,'3682','000000845'),(1010,'3682','000008359'),(1011,'3683',''),(1012,'3691','000000845'),(1013,'3691','000008359'),(1014,'3692',''),(1015,'3693','000000845'),(1016,'3693','000008359'),(1017,'3694',''),(1018,'3695','000000845'),(1019,'3695','000008359'),(1020,'3696',''),(1021,'3697','000000845'),(1022,'3697','000008359'),(1023,'3698',''),(1024,'3699','000000845'),(1025,'3699','000008359'),(1026,'3700',''),(1027,'2612','000025090'),(1028,'2613',''),(1029,'2614','000025090'),(1030,'2615',''),(1031,'2773','000025090'),(1032,'2774',''),(1033,'2775','000025090'),(1034,'2776',''),(1035,'2510','000030277'),(1036,'2511',''),(1037,'2512','000030277'),(1038,'2513',''),(1039,'2956','003949873'),(1040,'2957',''),(1041,'2958','003949873'),(1042,'2959',''),(1043,'3709','003949873'),(1044,'3710',''),(1045,'2984','000004693'),(1046,'4290','003426961'),(1047,'2828','003915202'),(1048,'2829',''),(1049,'3711','003915202'),(1050,'3712',''),(1051,'2669','000008359'),(1052,'2670','000008359'),(1053,'3341','001608404'),(1054,'3342',''),(1055,'3713','001608404'),(1056,'3714',''),(1057,'2880','002174372'),(1058,'2881','002174372'),(1059,'2667','000003315'),(1060,'2668','000003315'),(1061,'2730','000003315'),(1062,'2731',''),(1063,'3707','000003315'),(1064,'3708',''),(1065,'2671','003234743'),(1066,'3717',''),(1067,'3888','003234743'),(1068,'3889',''),(1069,'2664','000018733'),(1070,'2882','000018733'),(1071,'2883','000018733'),(1072,'2940','000018733'),(1073,'2941','000018733'),(1074,'3303','003949873'),(1075,'2807','000013975'),(1076,'2942','000005291'),(1077,'2734','000018733'),(1078,'2923','000003315'),(1079,'3157','004386491'),(1080,'3158','003809486'),(1081,'3159','004386491'),(1082,'3160','003809486'),(1083,'3167','004386491'),(1084,'3168','003809486'),(1085,'2564','004386491'),(1086,'2778','004386491'),(1087,'2565','004386491'),(1088,'2797','004386491'),(1089,'2798','004386491'),(1090,'2799','004386491'),(1091,'2800','004386491'),(1092,'2801','004386491'),(1093,'2802','004386491'),(1094,'3854','004386491'),(1095,'3855','004387115'),(1096,'3856','004387115'),(1097,'2523','002440508'),(1098,'2779','003809486'),(1099,'2524','003809486'),(1100,'2525','002440508'),(1101,'2780','004084943'),(1102,'2526','004084943'),(1103,'2925','002440508'),(1104,'2926','003810071'),(1105,'2927','003810071'),(1106,'3135','002440508'),(1107,'3136','004084943'),(1108,'3137','004084943'),(1109,'3860','000027534'),(1110,'3860','002516545'),(1111,'2830','000027534'),(1112,'2830','002516545'),(1113,'2831','000027534'),(1114,'2832','000027534'),(1115,'3332','000027534'),(1116,'3332','002516545'),(1117,'3333','002516545'),(1118,'3334','002516545'),(1119,'4248','003249875'),(1120,'4249','003249875'),(1121,'2672','002440508'),(1122,'2673','001642867'),(1123,'3177','002440469'),(1124,'2674','000027534'),(1125,'2782','004386517'),(1126,'2582','002440469'),(1127,'3178','004386517'),(1128,'3179','004386517'),(1129,'2489','004386517'),(1130,'2490','004386517'),(1131,'2833','000027534'),(1132,'3865','002440469'),(1133,'3866','002440469'),(1134,'3866','003249875'),(1135,'2982','002516545'),(1136,'2983','002516545'),(1137,'2887','001642867'),(1138,'2887','004387115'),(1139,'2888','001642867'),(1140,'2888','004387115'),(1141,'2675','004387115'),(1142,'3867','004387115'),(1143,'3300','003249875'),(1144,'2744','004387115'),(1145,'2590','000004745'),(1146,'2591',''),(1147,'2592','000004745'),(1148,'2593',''),(1149,'2594','000004745'),(1150,'2765',''),(1151,'2596','000004745'),(1152,'3390',''),(1153,'2598','000004745'),(1154,'2599',''),(1155,'3952','000004745'),(1156,'3953',''),(1157,'3954','000004745'),(1158,'3955',''),(1159,'3956','000004745'),(1160,'3957',''),(1161,'2600','000004745'),(1162,'2601','000004745'),(1163,'2602','000004745'),(1164,'2603','000004745'),(1165,'2604','000004745'),(1166,'2605','000004745'),(1167,'2606','000004745'),(1168,'2607','000004745'),(1169,'2608','000004745'),(1170,'2609','000004745'),(1171,'2610','000004745'),(1172,'2611','000004745'),(1173,'2764','000004745'),(1174,'2595','000004745'),(1175,'3389','000004745'),(1176,'2597','000004745'),(1177,'2516','003004643'),(1178,'2841','003004643'),(1179,'2777','003004643'),(1180,'2842','003004643'),(1181,'3349','003004643'),(1182,'3350','000002366'),(1183,'2843','003004643'),(1184,'2483',''),(1185,'3351','002169692'),(1186,'2484','000002366'),(1187,'2844','000002366'),(1188,'3187','000002366'),(1189,'3188','000002366'),(1190,'2845','000028054'),(1191,'2846','002225774'),(1192,'2847','002225774'),(1193,'2676','000028054'),(1194,'2848','001729837'),(1195,'3826','000028054'),(1196,'3827','000028054'),(1197,'3828','000002366'),(1198,'3829','000002366'),(1199,'2677','000018239'),(1200,'2912','000018239'),(1201,'3830','003004643'),(1202,'2678',''),(1203,'2706','000018239'),(1204,'2542','000018239'),(1205,'2707','000018239'),(1206,'2913','001299888'),(1207,'3189','000028054'),(1208,'3304','001299888'),(1209,'2928','002429445'),(1210,'2929','003963523'),(1211,'2930','001370972'),(1212,'2979','001478287'),(1213,'3346','000002483'),(1214,'3347','000002483'),(1215,'3164','002440508'),(1216,'2813','003800867'),(1217,'2814','003800867'),(1218,'3793','004091976'),(1219,'3737','004091976'),(1220,'2815','003800867'),(1221,'2816','003800867'),(1222,'2905','003138712'),(1223,'2906','003138712'),(1224,'2840','001965748'),(1225,'3196','003138712'),(1226,'3197','003138712'),(1227,'3912','000028054'),(1228,'3195','004091976'),(1229,'3413','003800867'),(1230,'2907','001478287'),(1231,'2495','003759891'),(1232,'2496','003759891'),(1233,'2497','003759891'),(1234,'2498','003759891'),(1235,'2961','003759891'),(1236,'2962','003759891'),(1237,'3132','003759891'),(1238,'3133','003759891'),(1239,'2573','002762375'),(1240,'3134','004404574'),(1241,'3839','000022854'),(1242,'3190','002762375'),(1243,'3194','002762375'),(1244,'3191','000022854'),(1245,'2679','002492053'),(1246,'2680','002492053'),(1247,'2681','002492053'),(1248,'3192','002731279'),(1249,'3193','002731279'),(1250,'2908','002440495'),(1251,'2909','002440495'),(1252,'2931','002731279'),(1253,'2932','002731279'),(1254,'2943','002731279'),(1255,'2682','001324302'),(1256,'2683','002440495'),(1257,'2684','002440495'),(1258,'3427','002440495'),(1259,'2626','000166990'),(1260,'2627','000166990'),(1261,'2629','000005174'),(1262,'2630','000480342'),(1263,'2635','000005174'),(1264,'2757','000005174'),(1265,'2812','000005174'),(1266,'2736','002180781'),(1267,'2656','000031668'),(1268,'2638','000003861'),(1269,'2639','000003861'),(1270,'2640','003759215'),(1271,'2653','000021216'),(1272,'2658','000005174'),(1273,'2645','000031668'),(1274,'2646','000005174'),(1275,'2650','000172125'),(1276,'2651','001651356'),(1277,'2810','000007943'),(1278,'2641','000011817'),(1279,'2644','000007943'),(1280,'2739','000922485'),(1281,'2758',''),(1282,'2793','002769668'),(1283,'2863','002773958'),(1284,'3388','003540438'),(1285,'2850','000758724'),(1286,'3374','000016952'),(1287,'3835','002180781'),(1288,'2753','000127951'),(1289,'2754','000127951'),(1290,'2917','000127951'),(1291,'2918','000127951'),(1292,'2494','003216699'),(1293,'2621','000004251'),(1294,'2622','000004251'),(1295,'2623','000004251'),(1296,'2624','000004251'),(1297,'2790','000004251'),(1298,'2791','000004251'),(1299,'3241','000758724'),(1300,'3307','000758724'),(1301,'3836','003540438'),(1302,'2666','003216699'),(1303,'2532','000016952'),(1304,'2533','000016952'),(1305,'2534','000016952'),(1306,'2535','000016952'),(1307,'2915','000016952'),(1308,'2916','000016952'),(1309,'2616','003540438'),(1310,'2617','003540438'),(1311,'2618','003540438'),(1312,'2619','003540438'),(1313,'2750','003540438'),(1314,'2751','003540438'),(1315,'2685','000007943'),(1316,'2891','000000754'),(1317,'2686','000011817'),(1318,'2752','001725209'),(1319,'2892','000012298'),(1320,'2687','003280581'),(1321,'2688','001741433'),(1322,'2689','001725209'),(1323,'2740','002773958'),(1324,'2583','000758724'),(1325,'3242','000758724'),(1326,'3749',''),(1327,'2893','000694166'),(1328,'3375','000694166'),(1329,'3244','003234691'),(1330,'2741','000002808'),(1331,'3251','000004251'),(1332,'2561','000004251'),(1333,'2901','000016952'),(1334,'3257','003216699'),(1335,'3264','003540438'),(1336,'2755','000127951'),(1337,'2761','000127951'),(1338,'3165','000127951'),(1339,'3166','000127951'),(1340,'2811','000007202'),(1341,'2491','000007202'),(1342,'2934','000004251'),(1343,'3751','003234691'),(1344,'2559','000007202'),(1345,'3222','000034125'),(1346,'3223','000034125'),(1347,'3224','000034125'),(1348,'3225','000034125'),(1349,'3226','000034125'),(1350,'3227','000034125'),(1351,'3228','000034125'),(1352,'3229','000034125'),(1353,'3230','000034125'),(1354,'3231','000034125'),(1355,'3232','000932963'),(1356,'3233','000012051'),(1357,'3234','000029991'),(1358,'3235','000012051'),(1359,'3236','002498241'),(1360,'3410','001914047'),(1361,'3410','002178077'),(1362,'3411','002178077'),(1363,'3848','004422683'),(1364,'3849','004423996'),(1365,'3850','000002015'),(1366,'2505','002763441'),(1367,'2690','000002015'),(1368,'2509','004086932'),(1369,'3141','004086932'),(1370,'3142','000012051'),(1371,'3143','000932963'),(1372,'3144','000012051'),(1373,'3145','000029991'),(1374,'2762','000011999'),(1375,'2536','004086932'),(1376,'2537','000011999'),(1377,'2538','000019578'),(1378,'2952','000130616'),(1379,'2570','004086828'),(1380,'2571','002178077'),(1381,'2572','000029991'),(1382,'2620','001693580'),(1383,'2529','004086932'),(1384,'2530','004422683'),(1385,'2531','001392266'),(1386,'2769','000019578'),(1387,'2576','001693580'),(1388,'2577','001693580'),(1389,'3386','000023036'),(1390,'2499','000015600'),(1391,'2500','000427939'),(1392,'2501','000015860'),(1393,'2502','000015860'),(1394,'2963','000034125'),(1395,'2964','000019578'),(1396,'3147','004086828'),(1397,'3148','002765690'),(1398,'3149','000019578'),(1399,'3150','001914047'),(1400,'3151','001914047'),(1401,'3152','003757876'),(1402,'3170','003757876'),(1403,'3171','004086841'),(1404,'3378','000427939'),(1405,'2493','001395308'),(1406,'2519','001914047'),(1407,'3153','001914047'),(1408,'2520','004086841'),(1409,'3154','004086841'),(1410,'2521','000019123'),(1411,'3155','000019123'),(1412,'2584','001914047'),(1413,'2585','004086841'),(1414,'2586','000019123'),(1415,'3306','001693580'),(1416,'2504','000002860'),(1417,'2503','004086841'),(1418,'2517','001693580'),(1419,'3853','004422683'),(1420,'2789','000002990'),(1421,'2514','002763441'),(1422,'2515','002763441'),(1423,'2745','000015600'),(1424,'2746','002763441'),(1425,'2691','001693580'),(1426,'2692','000002860'),(1427,'2693','001693580'),(1428,'2694','001392266'),(1429,'3245','000023036'),(1430,'2695','001392266'),(1431,'3217','000002015'),(1432,'2547','000015600'),(1433,'2518','001395308'),(1434,'2910','002495212'),(1435,'2960','002495212'),(1436,'2709','001395308'),(1437,'2696','001693580'),(1438,'3218','000002015'),(1439,'3220','000023036'),(1440,'2911','000002990'),(1441,'2914','000015600'),(1442,'2849','001395308'),(1443,'3201','002408528'),(1444,'3201','002425701'),(1445,'3202','000000221'),(1446,'3203','002408528'),(1447,'3203','002425701'),(1448,'3204','002408528'),(1449,'3205','002408528'),(1450,'3205','002425701'),(1451,'3206','000000221'),(1452,'3207','000003770'),(1453,'3208','000003497'),(1454,'3209','000003770'),(1455,'3210','004547054'),(1456,'3211','000003770'),(1457,'3212','001542520'),(1458,'3199','000008827'),(1459,'3213','000257782'),(1460,'3213','003138881'),(1461,'3215','000022490'),(1462,'3215','003138881'),(1463,'3311','000022490'),(1464,'4250','002762297'),(1465,'4251','002984844'),(1466,'4252','002762297'),(1467,'4253','002762297'),(1468,'4254','000257782'),(1469,'4255','000257782'),(1470,'4256','002425701'),(1471,'3312','000008827'),(1472,'3321','000000221'),(1473,'3296','002425701'),(1474,'3297','002984844'),(1475,'3298','000000221'),(1476,'2747','000003770'),(1477,'3794','000257782'),(1478,'3313','001906975'),(1479,'3314','003538423'),(1480,'3316','000002548'),(1481,'3317','000002548'),(1482,'3322','000001937'),(1483,'3323','003506300'),(1484,'3324','004423008'),(1485,'3325','000165235'),(1486,'3326','001906975'),(1487,'3327',''),(1488,'3379','000660990'),(1489,'3380','003538423'),(1490,'3381','000710312'),(1491,'3915','001906975'),(1492,'3330','000002548'),(1493,'3331','000002548'),(1494,'3364','000011895'),(1495,'3365','000011895'),(1496,'3366','001395516'),(1497,'3367','001395516'),(1498,'3369','000165235'),(1499,'3370','000001937'),(1500,'3371','003538423'),(1501,'4115',''),(1502,'2566','002765222'),(1503,'2763','002723310'),(1504,'2522','002723310'),(1505,'3726','002723310'),(1506,'2665','002765222'),(1507,'2543','000011245'),(1508,'2544','000011245'),(1509,'2749','000011245'),(1510,'2698','002765222'),(1511,'2699','002765222'),(1512,'2492','002500802'),(1513,'2700','001731046'),(1514,'3163','002765222'),(1515,'3183','002731318'),(1516,'3358','002765690'),(1517,'3359','002765690'),(1518,'2796','001965748'),(1519,'2701','002765690'),(1520,'2702','002731318'),(1521,'3184','001965748'),(1522,'3185','001965748'),(1523,'3728','001965748'),(1524,'2760','002723310'),(1525,'2660','000000910'),(1526,'2817','001965748'),(1527,'3890','002723310'),(1528,'3891','002723310'),(1529,'3892','004086841'),(1530,'3893','001608404'),(1531,'3523',''),(1532,'3581',''),(1533,'3511',''),(1534,'3569','000008242'),(1535,'3570','000008242'),(1536,'3572','002485215'),(1537,'3514','000012909'),(1538,'3515','000003770'),(1539,'3516','002731305'),(1540,'3517','000014976'),(1541,'3518','000011869'),(1542,'3519','000002925'),(1543,'3520','003008231'),(1544,'3521','002174398'),(1545,'3522','000010530'),(1546,'3524','001689511'),(1547,'3559','001689511'),(1548,'3560','001689511'),(1549,'3561','001689511'),(1550,'3562','001689511'),(1551,'3563','001689511'),(1552,'3564','001689511'),(1553,'3565','001689511'),(1554,'3566','001689511'),(1555,'3567','001689511'),(1556,'3545',''),(1557,'3546','000012675'),(1558,'3547',''),(1559,'3548','004059437'),(1560,'3549',''),(1561,'3550','002732657'),(1562,'3551',''),(1563,'3552','003254737'),(1564,'3553',''),(1565,'3554','001028175'),(1566,'3555',''),(1567,'3556','000096530'),(1568,'3557',''),(1569,'3558','000018317'),(1570,'','');
/*!40000 ALTER TABLE `section_professor` ENABLE KEYS */;
UNLOCK TABLES;

--
-- Table structure for table `section_time`
--

DROP TABLE IF EXISTS `section_time`;
/*!40101 SET @saved_cs_client     = @@character_set_client */;
/*!40101 SET character_set_client = utf8 */;
CREATE TABLE `section_time` (
  `id` int(11) NOT NULL AUTO_INCREMENT,
  `section_id` char(4) NOT NULL,
  `day` varchar(3) NOT NULL,
  `start_time` char(4) DEFAULT NULL,
  `end_time` char(4) DEFAULT NULL,
  `location` varchar(16) DEFAULT NULL,
  PRIMARY KEY (`id`),
  KEY `section_id` (`section_id`),
  CONSTRAINT `section_time_ibfk_1` FOREIGN KEY (`section_id`) REFERENCES `section` (`id`) ON DELETE CASCADE ON UPDATE CASCADE
) ENGINE=InnoDB AUTO_INCREMENT=2270 DEFAULT CHARSET=latin1;
/*!40101 SET character_set_client = @saved_cs_client */;

--
-- Dumping data for table `section_time`
--

LOCK TABLES `section_time` WRITE;
/*!40000 ALTER TABLE `section_time` DISABLE KEYS */;
INSERT INTO `section_time` VALUES (1,'1225','M','1300','1540','CHALK HILL'),(2,'1056','T','1045','1200','STEV3008'),(3,'1056','TH','1045','1200','STEV3008'),(4,'1171','T','1600','1715','STEV3008'),(5,'1171','TH','1600','1715','STEV3008'),(6,'1007','M','1725','1840','STEV1002'),(7,'1007','W','1725','1840','STEV1002'),(8,'3582','T','1300','1450','STEV2065'),(9,'3582','TH','1300','1450','STEV2065'),(10,'1079','T','1600','1715','STEV2065'),(11,'1079','TH','1600','1715','STEV2065'),(12,'3583','M','1000','1150','STEV2065'),(13,'3583','W','1000','1150','STEV2065'),(14,'1023','M','1600','1715','STEV3072'),(15,'1023','W','1600','1715','STEV3072'),(16,'1030','T','1430','1545','STEV3008'),(17,'1030','TH','1430','1545','STEV3008'),(18,'3584','M','1400','1550','STEV2065'),(19,'3584','W','1400','1550','STEV2065'),(20,'3585','M','1200','1350','STEV2065'),(21,'3585','W','1200','1350','STEV2065'),(22,'3601','ARR','','','STEV2061'),(23,'3586','F','0900','1240','STEV2079'),(24,'3587','TH','0800','1140','STEV2061'),(25,'3588','F','0900','1140','STEV2065'),(26,'3589','F','1300','1450','STEV2061'),(27,'1168','ARR','','',''),(28,'1245','ARR','','',''),(29,'1273','ARR','','',''),(30,'1169','ARR','','',''),(31,'1274','ARR','','',''),(32,'1058','W','1845','2225','SALZ2025'),(33,'1059','M','1200','1350','STEV3072'),(34,'1059','W','1200','1350','STEV3072'),(35,'1253','T','1000','1150','STEV2065'),(36,'1253','TH','1000','1150','STEV2065'),(37,'1167','M','0800','0950','SALZ2025'),(38,'1167','W','0800','0950','SALZ2025'),(39,'1390','T','1300','1450','SALZ2024'),(40,'1390','TH','1300','1450','SALZ2024'),(41,'1276','T','0800','0950','STEV3046'),(42,'1276','TH','0800','0950','STEV3046'),(43,'4004','W','1400','1740','SALZ2021'),(44,'1016','T','1200','1250','SALZ2025'),(45,'1016','TH','1200','1250','SALZ2025'),(46,'1229','T','0800','0950','SALZ2025'),(47,'1229','TH','0800','0950','SALZ2025'),(48,'3690','M','1000','1150','SALZ2025'),(49,'3690','W','1000','1150','SALZ2025'),(50,'1115','M','1800','2140','SALZ2025'),(51,'1194','M','1200','1350','STEV3077'),(52,'1194','W','1200','1350','STEV3077'),(53,'1391','M','1400','1550','STEV3077'),(54,'1391','W','1400','1550','STEV3077'),(55,'3652','T','0800','1140','STEV3040'),(56,'1133','T','1700','2040','SALZ2025'),(57,'1278','T','1300','1450','STEV3036'),(58,'1278','TH','1300','1450','STEV3036'),(59,'1117','M','1600','1750','SALZ2025'),(60,'1117','W','1600','1750','SALZ2025'),(61,'1254','M','1400','1550','STEV3036'),(62,'1254','W','1400','1550','STEV3036'),(63,'1134','TH','1700','2040','SALZ2025'),(64,'1174','M','0900','1240','CARS0030'),(65,'1080','W','0800','1140','CARS0030'),(66,'1081','M','1700','1940','NICH0225'),(67,'1082','ARR','','',''),(68,'1083','W','1300','1540','NICH0233'),(69,'1084','ARR','','',''),(70,'1085','T','1600','1840','NICH0225'),(71,'1086','ARR','','',''),(72,'1087','T','0900','1140','NICH0233'),(73,'1088','ARR','','',''),(74,'1089','TH','1100','1340','NICH0233'),(75,'1090','ARR','','',''),(76,'3635','W','1700','2040','NICH0225'),(77,'1075','T','1300','1640','CARS0030'),(78,'1093','TH','1700','1940','NICH0225'),(79,'1094','ARR','','',''),(80,'1321','M','1700','1940','NICH0233'),(81,'1322','ARR','','',''),(82,'1323','T','0900','1140','STEV1001'),(83,'1324','ARR','','',''),(84,'1325','M','0900','1140','NICH0233'),(85,'1326','ARR','','',''),(86,'1095','T','1700','2040','STEV3095'),(87,'1096','T','0900','1240','CARS0030'),(88,'1327','M','1300','1640','CARS0030'),(89,'1208','W','1700','2040','CARS0030'),(90,'1072','M','1700','2040','CARS0030'),(91,'1299','TH','1300','1640','CARS0030'),(92,'1328','TH','1700','1940','CARS0030'),(93,'1329','TH','0900','1050','CARS0030'),(94,'1024','T','1300','1415','STEV1002'),(95,'1024','TH','1300','1415','STEV1002'),(96,'1186','W','1900','2140','STEV1002'),(97,'3613','M','1045','1200','CARS0014'),(98,'3613','W','1045','1200','CARS0014'),(99,'1266','M','1000','1150','ENTC0105'),(100,'1266','W','1000','1150','ENTC0105'),(101,'3614','T','1500','1650','ENTC0105'),(102,'3614','TH','1500','1650','ENTC0105'),(103,'1287','T','1200','1350','STEV2055'),(104,'1287','TH','1200','1350','STEV2055'),(105,'3615','T','1700','2040','ENTC0105'),(106,'1011','T','1600','1715','SALZ2013'),(107,'1011','TH','1600','1715','SALZ2013'),(108,'1098','T','1300','1450','CARS0014'),(109,'1098','TH','1300','1450','CARS0014'),(110,'3745','T','1300','1415','ENTC0105'),(111,'3745','TH','1300','1415','ENTC0105'),(112,'3746','T','1500','1550','CARS0014'),(113,'3747','T','1300','1415','ENTC0105'),(114,'3747','TH','1300','1415','ENTC0105'),(115,'3748','TH','1500','1550','CARS0014'),(116,'3616','T','1500','1650','GARDEN'),(117,'1164','TH','1500','1650','CARS0010'),(118,'1196','M','1000','1150','CARS0010'),(119,'1196','W','1000','1150','CARS0010'),(120,'1100','F','1300','1415','CARS0014'),(121,'1100','M','1300','1550','CARS0014'),(122,'1100','W','1300','1550','CARS0014'),(123,'1101','T','1045','1200','CARS0014'),(124,'1101','TH','1045','1200','CARS0014'),(125,'1379','M','0920','1035','CARS0014'),(126,'1379','W','0920','1035','CARS0014'),(127,'3618','M','1900','2140','CARS0014'),(128,'1214','F','0900','1140','CARS0014'),(129,'1102','M','1600','1740','ENTC0105'),(130,'3619','T','1000','1150','ENTC0105'),(131,'3619','TH','1000','1150','ENTC0105'),(132,'1382','TH','1600','1840','STEV2055'),(133,'3620','M','1300','1540','ENTC0105'),(134,'1265','W','1300','1450','ENTC0105'),(135,'1103','W','1200','1250','CARS0014'),(136,'1332','T','1725','1840','STEV1002'),(137,'1332','TH','1725','1840','STEV1002'),(138,'1337','T','1300','1450','STEV3065'),(139,'1338','T','1725','1840','STEV1002'),(140,'1338','TH','1725','1840','STEV1002'),(141,'1339','W','1000','1150','STEV3065'),(142,'1340','T','1725','1840','STEV1002'),(143,'1340','TH','1725','1840','STEV1002'),(144,'1341','W','1200','1350','STEV3065'),(145,'1342','T','1725','1840','STEV1002'),(146,'1342','TH','1725','1840','STEV1002'),(147,'1343','W','1400','1550','STEV3065'),(148,'1344','T','1725','1840','STEV1002'),(149,'1344','TH','1725','1840','STEV1002'),(150,'1345','TH','1000','1150','STEV3065'),(151,'1346','T','1725','1840','STEV1002'),(152,'1346','TH','1725','1840','STEV1002'),(153,'1347','TH','1300','1450','STEV3065'),(154,'1008','T','1045','1200','STEV1002'),(155,'1008','TH','1045','1200','STEV1002'),(156,'1170','T','1600','1715','STEV1002'),(157,'1170','TH','1600','1715','STEV1002'),(158,'1350','M','1725','1840','STEV3008'),(159,'1350','W','1725','1840','STEV3008'),(160,'3631','M','1400','1550','STEV2049'),(161,'3631','W','1400','1550','STEV2049'),(162,'1407','ARR','','','OFF-SITE'),(163,'1407','F','1000','1050','STEV3065'),(164,'3743','T','1300','1450','STEV3059'),(165,'3743','F','0900','1240','STEV2061'),(166,'1209','T','1300','1450','SALZ2025'),(167,'1209','TH','1300','1450','SALZ2025'),(168,'1330','W','1900','2140','STEV3008'),(169,'1334','T','1045','1200','STEV3036'),(170,'1334','TH','1045','1200','STEV3036'),(171,'3632','T','0920','1035','STEV3036'),(172,'3632','TH','0920','1035','STEV3036'),(173,'3633','TH','1400','1650','STEV3059'),(174,'3634','M','1000','1150','STEV3036'),(175,'3634','W','1000','1150','STEV3036'),(176,'1336','ARR','','',''),(177,'1104','M','1600','1750','STEV3036'),(178,'1104','W','1600','1750','STEV3036'),(179,'1031','M','1600','1840','CHALK HILL'),(180,'1211','W','1600','1840','CHALK HILL'),(181,'1298','T','0800','1140','STEV3077'),(182,'1226','TH','0800','1140','STEV3042'),(183,'1180','T','0800','1140','STEV3042'),(184,'1403','W','0800','1140','STEV3095'),(185,'1286','T','1500','1650','STEV3036'),(186,'1286','TH','1500','1650','STEV3036'),(187,'1141','TH','1700','1750','STEV3036'),(188,'1300','TH','1800','1850','STEV3036'),(189,'1046','M','0800','0915','STEV3008'),(190,'1046','W','0800','0915','STEV3008'),(191,'1053','M','0920','1035','STEV3008'),(192,'1053','W','0920','1035','STEV3008'),(193,'1054','M','1430','1545','STEV3008'),(194,'1054','W','1430','1545','STEV3008'),(195,'1199','M','0920','1035','CHALK HILL'),(196,'1199','W','0920','1035','CHALK HILL'),(197,'3591','T','1045','1200','CHALK HILL'),(198,'3591','TH','1045','1200','CHALK HILL'),(199,'1160','T','0920','1035','STEV3008'),(200,'1160','TH','0920','1035','STEV3008'),(201,'1195','M','1600','1715','STEV3008'),(202,'1195','W','1600','1715','STEV3008'),(203,'1408','T','1600','1715','CHALK HILL'),(204,'1408','TH','1600','1715','CHALK HILL'),(205,'1409','T','1725','1840','CHALK HILL'),(206,'1409','TH','1725','1840','CHALK HILL'),(207,'1015','M','1045','1200','STEV3008'),(208,'1015','W','1045','1200','STEV3008'),(209,'1140','T','1300','1415','STEV3008'),(210,'1140','TH','1300','1415','STEV3008'),(211,'1159','M','1800','1915','SALZ2021'),(212,'1159','W','1800','1915','SALZ2021'),(213,'1268','M','1930','2045','SALZ2021'),(214,'1268','W','1930','2045','SALZ2021'),(215,'1410','F','0900','1140','CHALK HILL'),(216,'1422','T','1900','2015','CHALK HILL'),(217,'1422','TH','1900','2015','CHALK HILL'),(218,'3901','T','1700','2040','STEV3036'),(219,'3592','T','1000','1150','SALZ2013'),(220,'3592','TH','1000','1150','SALZ2013'),(221,'1352','W','1400','1740','STEV2079'),(222,'1282','M','1400','1740','SALZ2013'),(223,'3644','M','1000','1150','STEV2065'),(224,'3644','W','1000','1150','STEV2065'),(225,'3896','T','1700','2040','CARS0014'),(226,'1353','TH','1300','1640','STEV2079'),(227,'1012','M','1300','1415','STEV3008'),(228,'1012','W','1300','1415','STEV3008'),(229,'3593','M','1000','1150','STEV3040'),(230,'3593','W','1000','1150','STEV3040'),(231,'3897','M','1200','1350','STEV3040'),(232,'3897','W','1200','1350','STEV3040'),(233,'3594','M','0800','0950','STEV2065'),(234,'3594','W','0800','0950','STEV2065'),(235,'3595','T','0800','1140','STEV2079'),(236,'3596','T','1300','1450','SALZ2013'),(237,'3596','TH','1300','1450','SALZ2013'),(238,'3597','M','1200','1350','SALZ2021'),(239,'3597','W','1200','1350','SALZ2021'),(240,'1406','T','1500','1650','STEV3044'),(241,'1406','TH','1500','1650','STEV3044'),(242,'3898','T','1000','1150','STEV2001'),(243,'3898','TH','1000','1150','STEV2001'),(244,'3598','T','1300','1640','STEV2079'),(245,'3602','W','1700','2040','UKIAH'),(246,'3599','T','1500','1650','STEV3095'),(247,'1022','W','1800','2140','STEV2079'),(248,'4289','M','1800','2140','STEV2083'),(249,'1105','M','1400','1740','STEV2079'),(250,'1061','ARR','','',''),(251,'1073','ARR','','',''),(252,'1049','ARR','','',''),(253,'1032','ARR','','',''),(254,'1220','T','1600','1715','CARS0020'),(255,'1220','TH','1600','1715','CARS0020'),(256,'1002','T','1430','1545','CHALK HILL'),(257,'1002','TH','1430','1545','CHALK HILL'),(258,'1004','M','0800','0850','STEV3072'),(259,'1004','W','0800','0850','STEV3072'),(260,'1004','F','0800','0850','STEV3072'),(261,'1237','M','1200','1250','STEV3008'),(262,'1237','W','1200','1250','STEV3008'),(263,'1237','F','1200','1250','STEV3008'),(264,'1238','F','0900','1140','STEV3072'),(265,'1247','F','1300','1540','STEV3008'),(266,'1256','W','1300','1540','CHALK HILL'),(267,'1267','T','1900','2140','STEV3072'),(268,'1301','TH','1900','2140','STEV3072'),(269,'3945','M','1900','2140','STEV3008'),(270,'1029','T','1500','1650','SALZ2025'),(271,'1029','TH','1500','1650','SALZ2025'),(272,'1210','T','0800','0950','STEV2075'),(273,'1210','TH','0800','0950','STEV2075'),(274,'1013','T','1500','1650','STEV2075'),(275,'1013','TH','1500','1650','STEV2075'),(276,'1014','T','1700','1750','STEV2044'),(277,'1014','TH','1700','1750','STEV2044'),(278,'1161','T','1300','1450','STEV2075'),(279,'1161','TH','1300','1450','STEV2075'),(280,'1255','T','1000','1150','STEV2075'),(281,'1255','TH','1000','1150','STEV2075'),(282,'4009','T','1600','1750','IVES0101'),(283,'4010','TH','1500','1650','STEV3049'),(284,'4011','T','1600','1750','IVES0101'),(285,'4012','W','1000','1150','STEV3076'),(286,'4013','T','1600','1750','IVES0101'),(287,'4014','W','1200','1350','STEV2091'),(288,'4015','T','1600','1750','IVES0101'),(289,'4016','T','1300','1450','STEV3082'),(290,'1047','T','1000','1150','SALZ2025'),(291,'1047','TH','1000','1150','SALZ2025'),(292,'1257','M','1000','1150','SALZ2021'),(293,'1257','W','1000','1150','SALZ2021'),(294,'1106','W','1800','2140','STEV2075'),(295,'3812','M','1000','1150','STEV2075'),(296,'3812','W','1000','1150','STEV2075'),(297,'3946','M','1800','2140','SALZ2025'),(298,'1364','M','1200','1350','STEV2075'),(299,'1364','W','1200','1350','STEV2075'),(300,'1239','T','0800','0950','SALZ2025'),(301,'1239','TH','0800','0950','SALZ2025'),(302,'3813','M','1600','1750','STEV2075'),(303,'3813','W','1600','1750','STEV2075'),(304,'3814','M','1400','1550','STEV2075'),(305,'3814','W','1400','1550','STEV2075'),(306,'1366','T','1300','1450','CARS0010'),(307,'1366','TH','1300','1450','CARS0010'),(308,'1010','F','0900','1240','STEV2075'),(309,'3815','S','0900','1500','STEV2075'),(310,'3815','U','0900','1500','STEV2075'),(311,'3816','M','1800','2140','STEV2075'),(312,'3817','M','1800','2140','STEV2075'),(313,'3818','M','1800','2140','STEV2079'),(314,'3819','TH','1800','2140','STEV2075'),(315,'3820','TH','1800','2140','STEV2075'),(316,'1050','T','1430','1545','STEV1002'),(317,'1050','TH','1430','1545','STEV1002'),(318,'1051','T','1900','2140','STEV1002'),(319,'1212','F','0900','1140','STEV1002'),(320,'1197','M','1000','1150','STEV3072'),(321,'1197','W','1000','1150','STEV3072'),(322,'1216','F','0900','1140','STEV3046'),(323,'1057','TH','1900','2140','STEV3008'),(324,'1242','W','0900','1140','ARTS0108'),(325,'1402','T','1900','2140','STEV3008'),(326,'1302','T','1300','1540','STEV3046'),(327,'1044','W','1400','1740','STEV3046'),(328,'1045','T','1700','2040','STEV3046'),(329,'1005','M','1800','2140','STEV3046'),(330,'1006','M','1200','1350','STEV3046'),(331,'1006','W','1200','1350','STEV3046'),(332,'1401','F','1200','1250','STEV3046'),(333,'1258','TH','0800','0950','STEV3044'),(334,'1400','W','1400','1740','STEV3042'),(335,'1418','T','1000','1150','STEV3046'),(336,'1418','TH','1000','1150','STEV3046'),(337,'1419','M','0800','1140','STEV3046'),(338,'3678','F','1300','1640','STEV3046'),(339,'1221','T','1000','1150','STEV3044'),(340,'1221','TH','1000','1150','STEV3044'),(341,'4005','F','1300','1640','STEV2065'),(342,'1176','F','0800','1140','STEV3036'),(343,'1259','W','0800','1140','STEV3046'),(344,'1260','M','0800','1140','STEV3042'),(345,'1177','T','0800','0950','STEV2001'),(346,'1177','TH','0800','0950','STEV2001'),(347,'1271','W','0800','1140','STEV3077'),(348,'1283','T','0800','1140','STEV3077'),(349,'3679','M','1400','1740','STEV3046'),(350,'1198','TH','1300','1640','STEV3046'),(351,'1178','F','0800','1140','STEV3040'),(352,'1165','F','1300','1640','STEV3040'),(353,'1222','TH','0800','1140','STEV3042'),(354,'1179','T','0800','1140','STEV3042'),(355,'1028','TH','1700','2040','STEV3046'),(356,'1025','W','0800','1140','STEV3042'),(357,'1026','M','1300','1640','STEV3042'),(358,'1241','F','1300','1640','STEV3036'),(359,'1284','W','1800','2140','CARS0020'),(360,'1215','F','0800','1140','STEV2001'),(361,'1074','W','1800','2140','STEV3046'),(362,'1067','F','1300','1640','SALZ2013'),(363,'1230','T','1700','2040','STEV3042'),(364,'1142','ARR','','',''),(365,'1146','ARR','','',''),(366,'1147','ARR','','',''),(367,'1148','ARR','','',''),(368,'1149','ARR','','',''),(369,'1190','ARR','','',''),(370,'1191','ARR','','',''),(371,'1127','T','1700','2040','SALZ2021'),(372,'1128','T','1300','1640','STEV3042'),(373,'1294','TH','1300','1640','ARTS0108'),(374,'3685','TH','0800','1140','STEV3077'),(375,'3686','W','1800','2140','STEV2065'),(376,'3687','F','0900','1140','SHLZ1014'),(377,'3688','T','1300','1450','STEV3095'),(378,'3688','TH','1300','1450','STEV3095'),(379,'3689','F','0800','1140','CARS0030'),(380,'1399','W','0800','1140','STEV3095'),(381,'1076','ARR','','',''),(382,'1068','M','1100','1150','IVES0035'),(383,'1068','M','1000','1050','IVES0101'),(384,'1068','W','1000','1050','IVES0101'),(385,'1069','M','1400','1450','IVES0035'),(386,'1069','M','1000','1050','IVES0101'),(387,'1069','W','1000','1050','IVES0101'),(388,'1070','T','1300','1350','IVES0035'),(389,'1070','M','1000','1050','IVES0101'),(390,'1070','W','1000','1050','IVES0101'),(391,'1077','T','1400','1450','IVES0035'),(392,'1077','M','1000','1050','IVES0101'),(393,'1077','W','1000','1050','IVES0101'),(394,'1078','T','1500','1550','IVES0035'),(395,'1078','M','1000','1050','IVES0101'),(396,'1078','W','1000','1050','IVES0101'),(397,'1109','W','1100','1150','IVES0035'),(398,'1109','M','1000','1050','IVES0101'),(399,'1109','W','1000','1050','IVES0101'),(400,'1110','W','1300','1350','IVES0035'),(401,'1110','M','1000','1050','IVES0101'),(402,'1110','W','1000','1050','IVES0101'),(403,'1111','TH','0900','0950','IVES0035'),(404,'1111','M','1000','1050','IVES0101'),(405,'1111','W','1000','1050','IVES0101'),(406,'1129','TH','1300','1350','IVES0035'),(407,'1129','M','1000','1050','IVES0101'),(408,'1129','W','1000','1050','IVES0101'),(409,'1130','TH','1400','1450','IVES0035'),(410,'1130','M','1000','1050','IVES0101'),(411,'1130','W','1000','1050','IVES0101'),(412,'1386','T','1500','1650','SALZ2021'),(413,'1386','TH','1500','1650','SALZ2021'),(414,'1017','T','1800','2140','DARW0029'),(415,'1018','TH','1800','2140','DARW0029'),(416,'1162','T','1300','1450','STEV2001'),(417,'1162','TH','1300','1450','STEV2001'),(418,'3663','W','0800','1140','STEV2001'),(419,'1033','M','1400','1740','SALZ2021'),(420,'1416','W','1800','2140','SALZ2013'),(421,'1417','F','0800','1140','SALZ2021'),(422,'1263','T','1300','1640','STEV2091'),(423,'3664','W','1400','1740','SALZ2021'),(424,'1429','M','1200','1350','SALZ2025'),(425,'1429','W','1200','1350','SALZ2025'),(426,'1163','TH','1700','2040','SALZ2025'),(427,'3900','M','1800','2140','SALZ2013'),(428,'3718','M','1000','1150','STEV2091'),(429,'3718','W','1000','1150','STEV2091'),(430,'3719','TH','1300','1640','STEV2091'),(431,'3720','W','1400','1740','STEV2091'),(432,'3721','M','1200','1350','STEV2001'),(433,'3721','W','1200','1350','STEV2001'),(434,'1396','W','0800','1140','SALZ2013'),(435,'1187','TH','1800','2140','CARS0020'),(436,'1232','F','1300','1640','SALZ2021'),(437,'3665','T','1800','2140','SALZ2013'),(438,'3666','T','1000','1150','SALZ2021'),(439,'3666','TH','1000','1150','SALZ2021'),(440,'1397','T','1300','1450','SALZ2021'),(441,'1397','TH','1300','1450','SALZ2021'),(442,'1132','T','1700','2040','SALZ2025'),(443,'1392','M','0800','1140','SALZ2013'),(444,'1182','ARR','','',''),(445,'1243','M','1700','1750','STEV3095'),(446,'1244','T','1200','1250','STEV2091'),(447,'1043','T','1000','1150','STEV2091'),(448,'1043','TH','1000','1150','STEV2091'),(449,'1223','M','1400','1550','STEV2001'),(450,'1223','W','1400','1550','STEV2001'),(451,'1158','M','1400','1740','STEV2091'),(452,'3662','M','0800','1140','STEV2001'),(453,'1114','S','1200','1500','UKIAH'),(454,'1034','TH','0800','1140','CARS0020'),(455,'3649','F','1300','1640','CARS0020'),(456,'1055','TH','1200','1250','STEV1002'),(457,'1240','F','1200','1250','CARS0020'),(458,'3650','M','1900','2140','CARS0020'),(459,'1060','W','1400','1740','CARS0020'),(460,'1009','F','0900','1140','CARS0020'),(461,'1113','W','0800','1140','CARS0020'),(462,'1404','W','0800','1140','STEV3077'),(463,'3811','T','0800','1140','STEV3040'),(464,'1213','T','1500','1650','STEV3044'),(465,'1213','TH','1500','1650','STEV3044'),(466,'1112','M','1200','1350','CARS0020'),(467,'1112','W','1200','1350','CARS0020'),(468,'1441','ARR','','',''),(469,'1604','M','1400','1550','STEV2052'),(470,'1604','W','1400','1550','STEV2052'),(471,'1605','M','1800','2140','STEV2052'),(472,'1602','M','0800','0950','STEV2049'),(473,'1602','W','0800','0950','STEV2049'),(474,'1603','M','1000','1150','STEV2049'),(475,'1603','W','1000','1150','STEV2049'),(476,'1598','M','1600','1750','CARS0068'),(477,'1598','W','1600','1750','ONLINE'),(478,'1616','T','1500','1650','SALZ2016'),(479,'1616','TH','1500','1650','SALZ2016'),(480,'1567','M','1400','1550','STEV3072'),(481,'1567','W','1400','1550','STEV3072'),(482,'1568','M','1600','1750','STEV2049'),(483,'1568','W','1600','1750','STEV2049'),(484,'1569','T','1000','1150','SALZ2015'),(485,'1569','TH','1000','1150','SALZ2015'),(486,'1689','T','1300','1450','SALZ2015'),(487,'1689','TH','1300','1450','SALZ2015'),(488,'3949','T','1500','1650','SALZ2015'),(489,'3949','TH','1500','1650','SALZ2015'),(490,'1610','M','1400','1550','SALZ2025'),(491,'1610','W','1400','1550','SALZ2025'),(492,'1583','T','1000','1150','STEV3072'),(493,'1583','TH','1000','1150','STEV3072'),(494,'1584','T','1800','2140','SALZ2016'),(495,'1619','T','1300','1450','STEV3072'),(496,'1619','TH','1300','1450','STEV3072'),(497,'1590','M','1200','1350','STEV2052'),(498,'1590','W','1200','1350','STEV2052'),(499,'1591','M','1600','1750','STEV2052'),(500,'1591','W','1600','1750','STEV2052'),(501,'1611','T','1000','1150','STEV2052'),(502,'1611','TH','1000','1150','STEV2052'),(503,'1620','T','1300','1450','STEV3026'),(504,'1620','TH','1300','1450','STEV3026'),(505,'1574','W','1200','1350','ONLINE'),(506,'1574','M','1200','1350','SALZ2015'),(507,'1617','W','1400','1550','ONLINE'),(508,'1617','M','1400','1550','SALZ2015'),(509,'1565','T','1000','1150','NICH0173'),(510,'1565','TH','1000','1150','NICH0173'),(511,'3950','T','1300','1450','STEV3049'),(512,'3950','TH','1300','1450','STEV3049'),(513,'1675','T','1500','1650','STEV3072'),(514,'1675','TH','1500','1650','STEV3072'),(515,'1637','TH','1800','2140','STEV2049'),(516,'1581','T','1000','1150','STEV2049'),(517,'1581','TH','1000','1150','STEV2049'),(518,'1582','T','1300','1450','STEV2049'),(519,'1582','TH','1300','1450','STEV2049'),(520,'1645','M','1800','2140','STEV2049'),(521,'1566','M','0800','0950','GMC WEILL'),(522,'1566','W','0800','0950','GMC WEILL'),(523,'3975','M','0800','0950','STEV2052'),(524,'3975','W','0800','0950','STEV2052'),(525,'3991','M','1000','1150','STEV2052'),(526,'3991','W','1000','1150','STEV2052'),(527,'3976','F','0800','1140','SALZ2015'),(528,'1589','T','0800','0950','STEV3026'),(529,'1589','TH','0800','0950','STEV3026'),(530,'1636','T','1000','1150','STEV3026'),(531,'1636','TH','1000','1150','STEV3026'),(532,'3977','T','1500','1650','STEV3026'),(533,'3977','TH','1500','1650','STEV3026'),(534,'1571','M','1400','1550','SALZ2016'),(535,'1571','W','1400','1550','SALZ2016'),(536,'1572','M','1000','1150','SALZ2016'),(537,'1572','W','1000','1150','SALZ2016'),(538,'1573','W','1800','2140','SALZ2016'),(539,'1663','M','1200','1350','STEV2049'),(540,'1663','W','1200','1350','STEV2049'),(541,'1651','ARR','','',''),(542,'1653','ARR','','',''),(543,'1659','ARR','','',''),(544,'1661','ARR','','',''),(545,'1667','W','1600','1750','ONLINE'),(546,'1667','M','1600','1750','SALZ2015'),(547,'1585','T','1800','2140','CARS0068'),(548,'1588','T','1500','1650','STEV2052'),(549,'1588','TH','1500','1650','STEV2052'),(550,'1647','M','1000','1150','STEV3049'),(551,'1647','W','1000','1150','STEV3049'),(552,'1606','T','1700','1850','STEV3072'),(553,'1606','TH','1700','1850','STEV3072'),(554,'1632','F','0830','1210','STEV2049'),(555,'1609','M','1800','2140','STEV2006'),(556,'3978','W','1800','2140','SALZ2015'),(557,'1638','T','1300','1450','STEV2052'),(558,'1638','TH','1300','1450','STEV2052'),(559,'1576','W','1200','1350','ONLINE'),(560,'1576','M','1200','1350','SALZ2016'),(561,'1648','W','1400','1550','ONLINE'),(562,'1648','M','1400','1550','STEV3026'),(563,'1575','M','0800','0950','SALZ2015'),(564,'1575','W','0800','0950','SALZ2015'),(565,'1614','T','1000','1150','DARW0031'),(566,'1614','TH','1000','1150','DARW0031'),(567,'1649','TH','1300','1450','DARW0030'),(568,'1649','T','1300','1450','SHLZ2010'),(569,'1650','T','1500','1650','STEV2049'),(570,'1650','TH','1500','1650','STEV2049'),(571,'1577','M','1000','1150','STEV2050'),(572,'1577','W','1000','1150','STEV2050'),(573,'1578','M','1400','1550','STEV2050'),(574,'1578','W','1400','1550','STEV2050'),(575,'1579','M','1800','2140','STEV3026'),(576,'1612','W','1800','2140','STEV2052'),(577,'1633','TH','1800','2140','SALZ2015'),(578,'1629','ARR','','',''),(579,'1683','TH','1900','2140','STEV3026'),(580,'3979','T','1900','2140','STEV3026'),(581,'1685','W','1900','2140','STEV3026'),(582,'1639','M','1900','2140','STEV2050'),(583,'1600','M','1200','1350','STEV1002'),(584,'1600','W','1200','1350','STEV1002'),(585,'1669','M','1800','2140','SALZ2016'),(586,'1601','T','0800','0950','STEV1002'),(587,'1601','TH','0800','0950','STEV1002'),(588,'1586','M','1000','1150','STEV1002'),(589,'1586','W','1000','1150','STEV1002'),(590,'3962','M','1400','1550','STEV1002'),(591,'3962','W','1400','1550','STEV1002'),(592,'3963','T','1000','1150','SALZ2016'),(593,'3963','TH','1000','1150','SALZ2016'),(594,'1678','T','1000','1150','COMMONS'),(595,'1678','TH','1000','1150','COMMONS'),(596,'1677','M','1600','1750','STEV3026'),(597,'1677','W','1600','1750','STEV3026'),(598,'1592','T','1300','1450','SALZ2016'),(599,'1592','TH','1300','1450','SALZ2016'),(600,'1580','M','0800','0950','SALZ2016'),(601,'1580','W','0800','0950','SALZ2016'),(602,'1634','M','1000','1150','STEV3026'),(603,'1634','W','1000','1150','STEV3026'),(604,'3980','T','0800','0950','SALZ2015'),(605,'3980','TH','0800','0950','SALZ2015'),(606,'1666','T','0800','0950','STEV3072'),(607,'1666','TH','0800','0950','STEV3072'),(608,'3981','T','1500','1650','STEV2050'),(609,'3981','TH','1500','1650','STEV2050'),(610,'3982','M','1000','1150','SALZ2015'),(611,'3982','W','1000','1150','SALZ2015'),(612,'3983','M','1200','1350','STEV3026'),(613,'3983','W','1200','1350','STEV3026'),(614,'3984','F','0900','1240','STEV3026'),(615,'1596','ARR','','',''),(616,'2035','T','1300','1540','IVES0024'),(617,'3809','T','0800','1140','GMC1058'),(618,'3637','TH','1300','1640','GMC1058'),(619,'3640','M','1400','1740','STEV2006'),(620,'2036','M','1000','1150','NICH0204'),(621,'2036','W','1000','1150','NICH0204'),(622,'3909','M','1800','2140','STEV3072'),(623,'3638','W','0800','1140','NICH0173'),(624,'2006','TH','1300','1640','GMC1057'),(625,'3639','M','1400','1550','NICH0173'),(626,'3639','W','1400','1550','NICH0173'),(627,'4125','M','1000','1150','GMC1057'),(628,'4125','W','1000','1150','GMC1057'),(629,'2148','TH','1300','1450','IVES0101'),(630,'3756','T','1300','1450','ARTS0102'),(631,'3757','TH','1300','1450','IVES0101'),(632,'3758','T','1300','1450','ARTS0108'),(633,'3759','TH','1300','1450','IVES0101'),(634,'3760','T','1500','1650','ARTS0102'),(635,'2215','M','1200','1250','ARTS0102'),(636,'2250','T','1200','1250','ARTS0102'),(637,'1785','T','1800','2140','ARTS0102'),(638,'1839','M','0800','1140','ARTS0108'),(639,'1758','ARR','','',''),(640,'3624','TH','1300','1540','ARTS0102'),(641,'2067','M','1300','1540','ARTS0102'),(642,'2066','W','0800','1140','ARTS0102'),(643,'2058','T','1600','1840','ARTS0108'),(644,'2154','TH','0900','1140','ARTS0102'),(645,'2001','T','0800','1140','ARTS0102'),(646,'3739','M','1200','1250','ARTS0129'),(647,'3740','T','1200','1250','ARTS0129'),(648,'1977','F','1500','1700','ARTS0108'),(649,'2155','F','0900','1300','ARTS0136'),(650,'3625','TH','1300','1600','ARTS0136'),(651,'2226','M','1300','1600','ARTS0136'),(652,'1835','M','0900','1200','ARTS0109'),(653,'1835','W','0900','1200','ARTS0109'),(654,'1705','M','0900','1100','ARTS0135'),(655,'1705','W','0900','1100','ARTS0135'),(656,'1750','T','1300','1600','ARTS0120'),(657,'1750','TH','1300','1600','ARTS0120'),(658,'1980','T','0900','1200','ARTS0115'),(659,'1980','TH','0900','1200','ARTS0115'),(660,'2217','M','1600','1800','ARTS0144'),(661,'2217','W','1600','1800','ARTS0144'),(662,'1894','ARR','','',''),(663,'1897','ARR','','',''),(664,'2114','T','0900','1200','ARTS0136'),(665,'2114','TH','0900','1200','ARTS0136'),(666,'2089','M','1300','1550','ARTS0109'),(667,'2089','W','1300','1550','ARTS0109'),(668,'1746','M','1300','1550','ARTS0135'),(669,'1746','W','1300','1550','ARTS0135'),(670,'2156','M','1300','1550','ARTS0120'),(671,'2156','W','1300','1550','ARTS0120'),(672,'3626','T','1300','1550','ARTS0115'),(673,'3626','TH','1300','1550','ARTS0115'),(674,'3669','T','0900','1200','ARTS0144'),(675,'3669','TH','0900','1200','ARTS0144'),(676,'3669','T','0900','1200','ARTS0145'),(677,'3669','TH','0900','1200','ARTS0145'),(678,'1949','M','0900','1200','ARTS0144'),(679,'1949','W','0900','1200','ARTS0144'),(680,'1949','M','0900','1200','ARTS0145'),(681,'1949','W','0900','1200','ARTS0145'),(682,'2037','F','0900','1200','ARTS0144'),(683,'1813','T','0900','1200','ARTS0130'),(684,'1813','TH','0900','1200','ARTS0130'),(685,'2157','M','1300','1550','ARTS0120'),(686,'2157','W','1300','1550','ARTS0120'),(687,'3627','T','1300','1550','ARTS0115'),(688,'3627','TH','1300','1550','ARTS0115'),(689,'3670','T','1300','1550','ARTS0145'),(690,'3670','TH','1300','1550','ARTS0145'),(691,'3670','T','1300','1550','ARTS0144'),(692,'3670','TH','1300','1550','ARTS0144'),(693,'1950','M','0900','1200','ARTS0144'),(694,'1950','W','0900','1200','ARTS0144'),(695,'1950','M','0900','1200','ARTS0145'),(696,'1950','W','0900','1200','ARTS0145'),(697,'2113','M','1300','1550','ARTS0109'),(698,'2113','W','1300','1550','ARTS0109'),(699,'1801','W','1200','1250','ARTS0129'),(700,'2017','M','1200','1250','CARS0068'),(701,'3629','TH','1200','1250','ARTS0129'),(702,'2159','F','1200','1250','ARTS0144'),(703,'3636','T','1600','1900','ARTS0115'),(704,'3636','TH','1600','1900','ARTS0115'),(705,'2149','M','1400','1550','CARS0068'),(706,'3761','M','1600','1750','STEV2083'),(707,'3762','M','1400','1550','CARS0068'),(708,'3763','W','1400','1550','STEV3044'),(709,'3764','M','1400','1550','CARS0068'),(710,'3765','W','1600','1750','STEV2083'),(711,'4264','T','1500','1650','SALZ2020'),(712,'4264','TH','1500','1650','SALZ2020'),(713,'1931','M','1300','1540','SALZ1052'),(714,'3821','T','1700','2040','SALZ2020'),(715,'2145','M','1000','1150','CARS0068'),(716,'2145','W','1000','1150','CARS0068'),(717,'4226','M','0800','0950','SALZ2021'),(718,'4226','W','0800','0950','SALZ2021'),(719,'4227','T','0800','0950','SALZ2013'),(720,'4227','TH','0800','0950','SALZ2013'),(721,'4241','M','1600','1715','IVES0076'),(722,'4228','TH','1300','1640','DARW0038'),(723,'2118','M','1400','1740','CARS0020'),(724,'3823','W','1400','1740','SALZ2020'),(725,'1951','ARR','','',''),(726,'3824','TH','1700','2040','SALZ2020'),(727,'2077','F','0800','1140','STEV2006'),(728,'3752','T','1300','1450','CARS0068'),(729,'3766','TH','1300','1450','SALZ1052'),(730,'3767','T','1300','1450','CARS0068'),(731,'3768','T','1500','1650','SALZ2019'),(732,'3769','T','1300','1450','CARS0068'),(733,'3770','T','1700','1850','SALZ1052'),(734,'1962','T','1000','1150','STEV2006'),(735,'1962','TH','1000','1150','STEV2006'),(736,'1749','W','1800','2140','STEV3036'),(737,'3603','M','1000','1150','SALZ2019'),(738,'3603','W','1000','1150','SALZ2019'),(739,'3606','T','0800','0950','SALZ1052'),(740,'3606','TH','0800','0950','SALZ1052'),(741,'3604','T','1300','1640','SALZ1052'),(742,'1729','F','0900','1240','SALZ1052'),(743,'1752','T','1000','1150','ARTS0108'),(744,'1752','TH','1000','1150','ARTS0108'),(745,'3605','T','1000','1150','SALZ1052'),(746,'3605','TH','1000','1150','SALZ1052'),(747,'1787','W','0800','1140','SALZ1052'),(748,'2008','T','1700','2040','GMC1058'),(749,'1964','T','1300','1350','SALZ2023'),(750,'1964','T','1400','1640','STEV1063'),(751,'1722','M','1400','1740','GMC1057'),(752,'1834','TH','1700','2040','ARTS0102'),(753,'4006','T','1800','2140','SALZ2013'),(754,'1745','ARR','','',''),(755,'1831','ARR','','',''),(756,'2038','M','0800','0915','SALZ1051'),(757,'2038','W','0800','0915','SALZ1051'),(758,'3643','M','0800','0915','NICH0166'),(759,'3643','W','0800','0915','NICH0166'),(760,'3671','M','0920','1035','CARS0069'),(761,'3671','W','0920','1035','CARS0069'),(762,'2041','M','1045','1200','NICH0242'),(763,'2041','W','1045','1200','NICH0242'),(764,'3672','M','1300','1415','SALZ1051'),(765,'3672','W','1300','1415','SALZ1051'),(766,'2049','M','1300','1415','CARS0010'),(767,'2049','W','1300','1415','CARS0010'),(768,'2044','M','1430','1545','SALZ1051'),(769,'2044','W','1430','1545','SALZ1051'),(770,'3673','M','1600','1715','SALZ1051'),(771,'3673','W','1600','1715','SALZ1051'),(772,'2045','T','0800','0915','STEV3076'),(773,'2045','TH','0800','0915','STEV3076'),(774,'2046','T','0800','0915','CARS0010'),(775,'2046','TH','0800','0915','CARS0010'),(776,'2047','T','0800','0915','STEV2083'),(777,'2047','TH','0800','0915','STEV2083'),(778,'2048','T','0800','0915','NICH0204'),(779,'2048','TH','0800','0915','NICH0204'),(780,'3674','T','0920','1035','NICH0242'),(781,'3674','TH','0920','1035','NICH0242'),(782,'2050','T','0920','1035','STEV2083'),(783,'2050','TH','0920','1035','STEV2083'),(784,'3675','T','1045','1200','IVES0079'),(785,'3675','TH','1045','1200','IVES0079'),(786,'2051','T','1045','1200','CARS0010'),(787,'2051','TH','1045','1200','CARS0010'),(788,'3676','T','1045','1200','CARS0044D'),(789,'3676','TH','1045','1200','CARS0044D'),(790,'3677','T','1045','1200','STEV2083'),(791,'3677','TH','1045','1200','STEV2083'),(792,'2053','T','1300','1415','NICH0166'),(793,'2053','TH','1300','1415','NICH0166'),(794,'2054','T','1300','1415','CARS0044D'),(795,'2054','TH','1300','1415','CARS0044D'),(796,'2052','T','1430','1545','NICH0166'),(797,'2052','TH','1430','1545','NICH0166'),(798,'2056','T','1725','1840','STEV2083'),(799,'2056','TH','1725','1840','STEV2083'),(800,'2091','M','1600','1715','NICH0166'),(801,'2091','W','1600','1715','NICH0166'),(802,'2092','M','1430','1545','CARS0010'),(803,'2092','W','1430','1545','CARS0010'),(804,'2194','M','0800','0950','IVES0034'),(805,'2194','W','0800','0950','IVES0034'),(806,'2195','M','0800','0950','SALZ2019'),(807,'2195','W','0800','0950','SALZ2019'),(808,'2094','M','1000','1150','IVES0034'),(809,'2094','W','1000','1150','IVES0034'),(810,'2192','M','1000','1150','IVES0079'),(811,'2192','W','1000','1150','IVES0079'),(812,'2193','M','1200','1350','SALZ2019'),(813,'2193','W','1200','1350','SALZ2019'),(814,'2095','M','1200','1350','IVES0034'),(815,'2095','W','1200','1350','IVES0034'),(816,'2096','M','1400','1550','STEV3028'),(817,'2096','W','1400','1550','STEV3028'),(818,'2097','M','1400','1550','IVES0079'),(819,'2097','W','1400','1550','IVES0079'),(820,'2098','M','1600','1750','IVES0034'),(821,'2098','W','1600','1750','IVES0034'),(822,'2099','T','0800','0950','IVES0034'),(823,'2099','TH','0800','0950','IVES0034'),(824,'2196','T','0800','0950','SALZ2020'),(825,'2196','TH','0800','0950','SALZ2020'),(826,'2100','T','1000','1150','IVES0034'),(827,'2100','TH','1000','1150','IVES0034'),(828,'2197','T','1300','1640','IVES0034'),(829,'1703','T','1700','1850','IVES0034'),(830,'1703','TH','1700','1850','IVES0034'),(831,'1921','T','1700','1850','NICH0204'),(832,'1921','TH','1700','1850','NICH0204'),(833,'2102','TH','1300','1640','SALZ1051'),(834,'4001','M','1400','1550','IVES0034'),(835,'4001','W','1400','1550','IVES0034'),(836,'4124','T','1000','1150','STEV3076'),(837,'4124','TH','1000','1150','STEV3076'),(838,'2150','M','1400','1550','IVES0101'),(839,'3771','M','1600','1750','STEV3028'),(840,'3772','M','1400','1550','IVES0101'),(841,'3773','M','1600','1750','SALZ2019'),(842,'3774','M','1400','1550','IVES0101'),(843,'3775','W','1400','1550','IVES0035'),(844,'3776','M','1400','1550','IVES0101'),(845,'3777','W','1400','1550','NICH0166'),(846,'3778','M','1400','1550','IVES0101'),(847,'3779','W','1600','1750','SALZ2019'),(848,'3780','M','1400','1550','IVES0101'),(849,'3781','W','1600','1750','STEV3028'),(850,'2039','T','1700','1850','NICH0242'),(851,'2039','TH','1700','1850','NICH0242'),(852,'2040','T','1700','2040','NICH0166'),(853,'2009','T','1300','1640','SALZ1051'),(854,'4259','M','1400','1550','COMMONS'),(855,'4259','W','1400','1550','COMMONS'),(856,'1771','T','1000','1150','SALZ1051'),(857,'1771','TH','1000','1150','SALZ1051'),(858,'2104','F','0800','1140','SALZ1051'),(859,'2105','ARR','','',''),(860,'4224','T','1300','1640','COMMONS'),(861,'3655','T','1300','1640','NICH0320'),(862,'2010','T','1300','1450','SALZ2019'),(863,'2010','TH','1300','1450','SALZ2019'),(864,'1707','T','0800','1140','NICH0320'),(865,'2070','T','1300','1450','SALZ2020'),(866,'2070','TH','1300','1450','SALZ2020'),(867,'1728','T','1000','1150','SALZ2020'),(868,'1728','TH','1000','1150','SALZ2020'),(869,'3656','M','1200','1350','NICH0173'),(870,'3656','W','1200','1350','NICH0173'),(871,'2112','T','1000','1150','NICH0166'),(872,'2112','TH','1000','1150','NICH0166'),(873,'2205','M','1800','2140','NICH0166'),(874,'1739','ARR','','',''),(875,'1740','ARR','','',''),(876,'2015','ARR','','',''),(877,'2016','ARR','','',''),(878,'1848','ARR','','',''),(879,'2209','TH','1300','1640','IVES0034'),(880,'4123','T','0800','1140','ARTS0102'),(881,'3657','F','1300','1640','SALZ2020'),(882,'3658','T','1000','1150','STEV3049'),(883,'3658','TH','1000','1150','STEV3049'),(884,'1966','M','1000','1150','SALZ2020'),(885,'1966','W','1000','1150','SALZ2020'),(886,'3668','T','1300','1640','ROOMTBD'),(887,'1995','T','1700','2040','SALZ1051'),(888,'1906','ARR','','',''),(889,'1909','ARR','','',''),(890,'1911','ARR','','',''),(891,'2207','M','1800','2140','SALZ1051'),(892,'3661','TH','1845','2225','SALZ1051'),(893,'2228','M','1000','1150','NICH0166'),(894,'2228','W','1000','1150','NICH0166'),(895,'1721','ARR','','',''),(896,'1852','ARR','','',''),(897,'3907','T','1900','2050','STEV3030'),(898,'3907','TH','1900','2050','STEV3030'),(899,'1857','M','1400','1550','STEV1028'),(900,'1857','W','1400','1550','STEV1028'),(901,'1858','ARR','','','STEV1028'),(902,'1859','M','1000','1150','STEV3030'),(903,'1859','W','1000','1150','STEV3030'),(904,'3607','T','1000','1150','SALZ2019'),(905,'3607','TH','1000','1150','SALZ2019'),(906,'3608','T','1300','1450','STEV3030'),(907,'3608','TH','1300','1450','STEV3030'),(908,'3609','M','1400','1550','STEV3030'),(909,'3609','W','1400','1550','STEV3030'),(910,'2083','T','1700','1850','STEV3030'),(911,'2083','TH','1700','1850','STEV3030'),(912,'2084','ARR','','','STEV1028'),(913,'1928','M','1000','1150','STEV3028'),(914,'1928','W','1000','1150','STEV3028'),(915,'1929','ARR','','','STEV1028'),(916,'1860','T','1000','1150','STEV3030'),(917,'1860','TH','1000','1150','STEV3030'),(918,'1862','ARR','','','STEV1028'),(919,'1861','M','1400','1550','NICH0204'),(920,'1861','W','1400','1550','NICH0204'),(921,'1865','M','0900','1140','CARS0038'),(922,'1865','W','0900','1140','CARS0038'),(923,'1865','F','0900','1140','CARS0038'),(924,'1866','F','1300','1540','CARS0068'),(925,'1867','M','0900','1140','CARS0034'),(926,'1867','W','0900','1140','CARS0034'),(927,'1867','F','0900','1140','CARS0034'),(928,'3914','F','1300','1540','CARS0068'),(929,'1869','M','0900','1140','CARS0061'),(930,'1869','W','0900','1140','CARS0061'),(931,'1869','F','0900','1140','CARS0061'),(932,'1870','F','1300','1540','CARS0068'),(933,'1871','M','0900','1140','CARS0052'),(934,'1871','W','0900','1140','CARS0052'),(935,'1871','F','0900','1140','CARS0052'),(936,'1872','F','1300','1540','CARS0068'),(937,'1873','M','0900','1140','CARS0055'),(938,'1873','W','0900','1140','CARS0055'),(939,'1873','F','0900','1140','CARS0055'),(940,'1874','F','1300','1540','CARS0068'),(941,'1875','M','0900','1140','CARS0059'),(942,'1875','W','0900','1140','CARS0059'),(943,'1876','F','1300','1540','CARS0068'),(944,'1876','F','0900','1200','CARS0068'),(945,'1877','M','0900','1140','CARS0033'),(946,'1877','W','0900','1140','CARS0033'),(947,'1878','F','1300','1540','CARS0068'),(948,'1878','F','0900','1200','CARS0068'),(949,'1879','M','0900','1140','CARS0035'),(950,'1879','W','0900','1140','CARS0035'),(951,'1880','F','1300','1540','CARS0068'),(952,'1880','F','0900','1200','CARS0068'),(953,'1881','M','0900','1140','CARS0054'),(954,'1881','W','0900','1140','CARS0054'),(955,'1882','F','1300','1540','CARS0068'),(956,'1882','F','0900','1200','CARS0068'),(957,'2068','M','0900','1140','CARS0037'),(958,'2068','W','0900','1140','CARS0037'),(959,'2069','F','1300','1540','CARS0068'),(960,'2069','F','0900','1200','CARS0068'),(961,'4225','F','1300','1640','IVES0101'),(962,'1815','M','1600','1840','CARS0055'),(963,'2162','M','0900','1140','CARS0044B'),(964,'2163','W','1600','1840','CARS0037'),(965,'1838','W','1300','1540','CARS0034'),(966,'3738','M','1600','1840','CARS0035'),(967,'1965','W','1600','1840','CARS0035'),(968,'1719','T','0900','1140','CARS0060'),(969,'1720','TH','1300','1540','CARS0059'),(970,'3729','W','0900','1140','CARS0044B'),(971,'3730','M','1300','1540','NICH0166'),(972,'2087','W','1300','1540','CARS0033'),(973,'1832','TH','1300','1540','CARS0054'),(974,'1833','TH','0900','1140','CARS0060'),(975,'1974','M','1600','1840','CARS0037'),(976,'2021','TH','1300','1540','IVES0079'),(977,'3727','TH','1600','1840','SALZ2019'),(978,'2229','T','1600','1840','IVES0024'),(979,'2061','T','1200','1250','CARS0044B'),(980,'2241','TH','1300','1540','CARS0038'),(981,'1981','M','1300','1540','ARTS0108'),(982,'1784','ARR','','',''),(983,'1997','ARR','','',''),(984,'3755','T','1300','1450','IVES0101'),(985,'1853','M','1000','1050','GMC1027'),(986,'1853','W','1000','1050','GMC1027'),(987,'1853','F','1000','1050','GMC1027'),(988,'2022','M','1100','1150','GMC1027'),(989,'2022','W','1100','1150','GMC1027'),(990,'2022','F','1100','1150','GMC1027'),(991,'3642','T','1200','1250','GMC1028'),(992,'3642','TH','1200','1250','GMC1028'),(993,'1983','ARR','','',''),(994,'2026','ARR','','',''),(995,'1695','ARR','','',''),(996,'1800','ARR','','',''),(997,'1697','ARR','','',''),(998,'2135','ARR','','',''),(999,'1843','ARR','','',''),(1000,'3731','W','1300','1540','GMC1057'),(1001,'1968','T','0800','0915','PERSTHEATR'),(1002,'1968','TH','0800','0915','PERSTHEATR'),(1003,'1915','W','1300','1540','GMC WEILL'),(1004,'1916','W','1300','1540','GMC1028'),(1005,'3753','T','1300','1450','GMC1058'),(1006,'3782','T','1500','1650','GMC1027'),(1007,'3783','T','1300','1450','GMC1058'),(1008,'3784','TH','1300','1450','GMC1027'),(1009,'3785','T','1300','1450','GMC1058'),(1010,'3786','TH','1500','1650','GMC1027'),(1011,'1855','M','1100','1150','GMC1026'),(1012,'1855','W','1100','1150','GMC1026'),(1013,'1855','F','1100','1150','GMC1026'),(1014,'1969','M','1200','1250','GMC1026'),(1015,'1969','W','1200','1250','GMC1026'),(1016,'1969','F','1200','1250','GMC1026'),(1017,'1953','M','0900','0950','GMC1058'),(1018,'1953','W','0900','0950','GMC1058'),(1019,'1953','F','0900','0950','GMC1058'),(1020,'1955','T','0920','1035','GMC1029'),(1021,'1955','TH','0920','1035','GMC1029'),(1022,'1961','T','1100','1150','GMC1026'),(1023,'1961','TH','1100','1150','GMC1026'),(1024,'1970','T','1200','1250','GMC1026'),(1025,'1970','TH','1200','1250','GMC1026'),(1026,'2023','M','1000','1050','GMC1058'),(1027,'2023','W','1000','1050','GMC1058'),(1028,'2023','F','1000','1050','GMC1058'),(1029,'1836','M','1200','1250','GMC1028'),(1030,'1836','W','1200','1250','GMC1028'),(1031,'1836','F','1200','1250','GMC1028'),(1032,'2224','M','1900','2140','GMC WEILL'),(1033,'1954','W','1300','1540','GMC1141'),(1034,'1706','T','1500','1650','GMC1028'),(1035,'1706','TH','1500','1650','GMC1028'),(1036,'2024','M','1900','2040','GMC1029'),(1037,'1841','M','1600','1840','GMC WEILL'),(1038,'1842','W','1900','2140','GMC1028'),(1039,'3732','T','1900','2140','GMC1028'),(1040,'3732','TH','1900','2140','GMC1028'),(1041,'3733','T','1900','2140','GMC1028'),(1042,'3733','TH','1900','2140','GMC1028'),(1043,'3734','T','1900','2140','GMC1028'),(1044,'3734','TH','1900','2140','GMC1028'),(1045,'3735','W','1600','1840','GMC1057'),(1046,'1986','T','1700','1850','GMC1028'),(1047,'2011','F','1500','1650','GMC1029'),(1048,'2025','TH','1300','1440','GMC1028'),(1049,'2119','TH','1600','1840','GMC1029'),(1050,'2012','W','1900','2140','GMC1029'),(1051,'1770','M','1300','1540','GMC1029'),(1052,'2138','T','1300','1350','GMC1026'),(1053,'2138','TH','1300','1350','GMC1026'),(1054,'4003','W','1600','1650','GMC1027'),(1055,'3741','T','1045','1200','GMC1028'),(1056,'3741','TH','1045','1200','GMC1028'),(1057,'3899','T','1200','1250','GMC1028'),(1058,'3899','TH','1200','1250','GMC1028'),(1059,'1987','W','1300','1540','GMC1058'),(1060,'2034','W','1300','1540','GMC1029'),(1061,'1798','ARR','','',''),(1062,'1940','ARR','','',''),(1063,'1941','ARR','','',''),(1064,'1957','ARR','','',''),(1065,'2027','ARR','','',''),(1066,'2222','ARR','','',''),(1067,'1704','ARR','','',''),(1068,'1958','ARR','','',''),(1069,'1730','ARR','','',''),(1070,'2230','ARR','','',''),(1071,'1804','ARR','','',''),(1072,'1944','ARR','','',''),(1073,'1797','ARR','','',''),(1074,'1925','ARR','','',''),(1075,'1918','W','1300','1540','GMC WEILL'),(1076,'1919','W','1300','1540','GMC1028'),(1077,'3736','T','1045','1200','GMC1029'),(1078,'3736','TH','1045','1200','GMC1029'),(1079,'1732','ARR','','',''),(1080,'1814','ARR','','',''),(1081,'2233','W','1800','1950','IVES0101'),(1082,'2234','M','1800','1950','ARTS0102'),(1083,'2235','W','1800','1950','IVES0101'),(1084,'2236','M','1800','1950','ARTS0108'),(1085,'2237','W','1800','1950','IVES0101'),(1086,'2238','M','1800','1950','GMC1057'),(1087,'2239','W','1800','1950','IVES0101'),(1088,'2240','M','1800','1950','GMC1058'),(1089,'2120','TH','1300','1640','STEV2006'),(1090,'3810','W','1400','1740','STEV2006'),(1091,'1820','M','0800','0950','SALZ2020'),(1092,'1820','W','0800','0950','SALZ2020'),(1093,'1821','M','0800','0950','NICH0304'),(1094,'1821','W','0800','0950','NICH0304'),(1095,'1822','T','0800','0950','NICH0173'),(1096,'1822','TH','0800','0950','NICH0173'),(1097,'1823','T','1300','1450','NICH0204'),(1098,'1823','TH','1300','1450','NICH0204'),(1099,'1824','T','1000','1150','NICH0204'),(1100,'1824','TH','1000','1150','NICH0204'),(1101,'1825','T','1300','1450','NICH0304'),(1102,'1825','TH','1300','1450','NICH0304'),(1103,'1826','M','0800','1140','SALZ2022'),(1104,'1827','T','1500','1650','NICH0304'),(1105,'1827','TH','1500','1650','NICH0304'),(1106,'1828','M','1600','1750','IVES0024'),(1107,'1828','W','1600','1750','IVES0024'),(1108,'1829','M','1200','1350','STEV3028'),(1109,'1829','W','1200','1350','STEV3028'),(1110,'1782','F','0800','1140','NICH0304'),(1111,'1783','M','1200','1350','NICH0204'),(1112,'1783','W','1200','1350','NICH0204'),(1113,'2142','T','1700','1850','NICH0304'),(1114,'2142','TH','1700','1850','NICH0304'),(1115,'1845','T','1300','1450','NICH0173'),(1116,'1845','TH','1300','1450','NICH0173'),(1117,'3621','M','1400','1550','SALZ2019'),(1118,'3621','W','1400','1550','SALZ2019'),(1119,'2164','TH','1300','1450','CARS0068'),(1120,'2151','T','1300','1450','STEV2083'),(1121,'3787','TH','1300','1450','CARS0068'),(1122,'3788','T','1500','1650','STEV3028'),(1123,'3789','TH','1300','1450','CARS0068'),(1124,'3790','TH','1500','1650','STEV3028'),(1125,'3754','W','1400','1550','CARS0068'),(1126,'3804','M','1400','1550','NICH0304'),(1127,'3805','W','1400','1550','CARS0068'),(1128,'3806','M','1600','1750','NICH0304'),(1129,'3807','W','1400','1550','CARS0068'),(1130,'3808','W','1600','1750','NICH0204'),(1131,'2002','T','1500','1650','NICH0204'),(1132,'2002','TH','1500','1650','NICH0204'),(1133,'1748','T','1800','2140','CARS0020'),(1134,'2003','W','1400','1740','NICH0304'),(1135,'2004','M','1200','1350','NICH0304'),(1136,'2004','W','1200','1350','NICH0304'),(1137,'2005','M','1000','1150','NICH0304'),(1138,'2005','W','1000','1150','NICH0304'),(1139,'2020','T','1000','1150','NICH0304'),(1140,'2020','TH','1000','1150','NICH0304'),(1141,'1714','ARR','','',''),(1142,'2086','T','1500','1650','STEV3030'),(1143,'2086','TH','1500','1650','STEV3030'),(1144,'1747','ARR','','','STEV1028'),(1145,'1734','M','1800','1950','NICH0173'),(1146,'1734','W','1800','1950','NICH0173'),(1147,'1780','ARR','','','STEV1028'),(1148,'1973','M','0800','0950','STEV3030'),(1149,'1973','W','0800','0950','STEV3030'),(1150,'1694','ARR','','','STEV1028'),(1151,'2057','M','1600','1750','STEV2065'),(1152,'2057','W','1600','1750','STEV2065'),(1153,'1863','M','1000','1150','STEV2006'),(1154,'1863','W','1000','1150','STEV2006'),(1155,'3610','T','1300','1450','IVES0045'),(1156,'3610','TH','1300','1450','IVES0045'),(1157,'3611','T','1000','1150','SALZ2024'),(1158,'3611','TH','1000','1150','SALZ2024'),(1159,'1864','F','1300','1640','DARW0029'),(1160,'3612','M','1600','1750','STEV3030'),(1161,'3612','W','1600','1750','STEV3030'),(1162,'3908','M','1200','1350','STEV3030'),(1163,'3908','W','1200','1350','STEV3030'),(1164,'1927','T','1300','1450','STEV3028'),(1165,'1927','TH','1300','1450','STEV3028'),(1166,'2211','M','1200','1250','IVES0046'),(1167,'1819','T','1200','1250','PHED0001'),(1168,'1819','TH','1200','1250','PHED0001'),(1169,'1799','F','1000','1150','PHED0001'),(1170,'3910','F','1100','1250','IVES0076'),(1171,'1959','T','1500','1650','IVES0119'),(1172,'1959','TH','1500','1650','IVES0119'),(1173,'1755','T','1300','1450','IVES0046'),(1174,'1755','TH','1300','1450','IVES0046'),(1175,'3646','M','1300','1450','PERSCOSTUM'),(1176,'3646','W','1300','1450','PERSCOSTUM'),(1177,'1885','T','1200','1250','IVES0119'),(1178,'1885','TH','1200','1250','IVES0119'),(1179,'2152','W','1400','1550','IVES0101'),(1180,'3795','M','1400','1550','STEV2083'),(1181,'3796','W','1400','1550','IVES0101'),(1182,'3797','M','1600','1750','IVES0078'),(1183,'3798','W','1400','1550','IVES0101'),(1184,'3799','M','1600','1750','IVES0079'),(1185,'3800','W','1400','1550','IVES0101'),(1186,'3801','W','1600','1750','IVES0079'),(1187,'3802','W','1400','1550','IVES0101'),(1188,'3803','W','1600','1750','IVES0078'),(1189,'3742','F','1100','1250','IVES0076'),(1190,'1883','T','1300','1450','SALZ2009A'),(1191,'1883','TH','1300','1450','SALZ2009A'),(1192,'1781','T','1300','1450','PHED0001'),(1193,'1781','TH','1300','1450','PHED0001'),(1194,'2033','M','1300','1450','PHED0001'),(1195,'2033','W','1300','1450','PHED0001'),(1196,'2028','M','1300','1450','PHED0001'),(1197,'2028','W','1300','1450','PHED0001'),(1198,'2031','M','1300','1450','PHED0001'),(1199,'2031','W','1300','1450','PHED0001'),(1200,'1886','T','1300','1450','IVES0119'),(1201,'1886','TH','1300','1450','IVES0119'),(1202,'2071','ARR','','','IVES0046'),(1203,'3648','ARR','','','IVES0046'),(1204,'1926','M','1700','1750','PHED0001'),(1205,'1926','W','1700','1750','PHED0001'),(1206,'1723','TH','1800','1850','IVES0078'),(1207,'1724','TH','1900','2040','IVES0078'),(1208,'1725','M','1900','2150','IVES0119'),(1209,'1725','T','1900','2150','IVES0119'),(1210,'1725','W','1900','2150','IVES0119'),(1211,'1725','TH','1900','2150','IVES0119'),(1212,'1726','M','1900','2150','IVES0119'),(1213,'1726','T','1900','2150','IVES0119'),(1214,'1726','W','1900','2150','IVES0119'),(1215,'1726','TH','1900','2150','IVES0119'),(1216,'1727','M','1900','2150','IVES0119'),(1217,'1727','T','1900','2150','IVES0119'),(1218,'1727','W','1900','2150','IVES0119'),(1219,'1727','TH','1900','2150','IVES0119'),(1220,'1817','ARR','','','IVES0046'),(1221,'1818','ARR','','','IVES0046'),(1222,'2212','ARR','','',''),(1223,'2029','M','0930','1150','PHED0001'),(1224,'2029','T','0930','1150','PHED0001'),(1225,'2029','W','0930','1150','PHED0001'),(1226,'2029','TH','0930','1150','PHED0001'),(1227,'1887','M','0930','1150','IVES0119'),(1228,'1887','T','0930','1150','IVES0119'),(1229,'1887','W','0930','1150','IVES0119'),(1230,'1887','TH','0930','1150','IVES0119'),(1231,'1888','M','0930','1020','IVES0046'),(1232,'1888','T','0930','1020','IVES0046'),(1233,'1888','W','0930','1020','IVES0046'),(1234,'1888','TH','0930','1020','IVES0046'),(1235,'2062','T','1900','2140','GMC1028'),(1236,'2062','TH','1900','2140','GMC1028'),(1237,'3911','T','1500','1650','PHED0001'),(1238,'3911','TH','1500','1650','PHED0001'),(1239,'1975','M','1030','1150','IVES0046'),(1240,'1975','T','1030','1150','IVES0046'),(1241,'1975','W','1030','1150','IVES0046'),(1242,'1975','TH','1030','1150','IVES0046'),(1243,'1890','M','1300','1415','IVES0078'),(1244,'1890','W','1300','1415','IVES0078'),(1245,'3645','T','1800','2040','UKIAH'),(1246,'2110','T','1300','1450','IVES0078'),(1247,'2110','TH','1300','1450','IVES0078'),(1248,'2116','T','1545','1700','IVES0079'),(1249,'2116','TH','1545','1700','IVES0079'),(1250,'2019','T','0930','1150','PHED0001'),(1251,'2019','TH','0930','1150','PHED0001'),(1252,'2030','M','0930','1150','PHED0001'),(1253,'2030','T','0930','1150','PHED0001'),(1254,'2030','W','0930','1150','PHED0001'),(1255,'2030','TH','0930','1150','PHED0001'),(1256,'1891','M','0930','1150','IVES0119'),(1257,'1891','T','0930','1150','IVES0119'),(1258,'1891','W','0930','1150','IVES0119'),(1259,'1891','TH','0930','1150','IVES0119'),(1260,'1892','M','0930','1020','IVES0046'),(1261,'1892','T','0930','1020','IVES0046'),(1262,'1892','W','0930','1020','IVES0046'),(1263,'1892','TH','0930','1020','IVES0046'),(1264,'1960','T','1600','1750','IVES0076'),(1265,'1960','TH','1600','1750','IVES0076'),(1266,'1777','ARR','','',''),(1267,'1778','ARR','','',''),(1268,'1779','ARR','','',''),(1269,'2408','W','1600','1840','SALZ2022'),(1270,'2416','W','1900','2140','SALZ2022'),(1271,'2412','M','1600','1840','SALZ2024'),(1272,'3879','W','0900','1140','SALZ2022'),(1273,'2461','W','1300','1540','SALZ2022'),(1274,'2462','TH','0900','1140','GMC1058'),(1275,'3880','M','1600','1840','STEV3076'),(1276,'2417','TH','1600','1840','STEV3038'),(1277,'2418','T','0900','1140','STEV3038'),(1278,'2419','W','1900','2140','STEV3038'),(1279,'2420','T','1300','1540','STEV3040'),(1280,'2421','TH','1300','1540','CARS0020'),(1281,'2422','F','0900','1140','SALZ2019'),(1282,'2463','W','1600','1840','STEV3076'),(1283,'2460','T','1600','1840','SALZ2022'),(1284,'2465','M','1900','2140','STEV3076'),(1285,'3881','T','1600','1840','NICH0173'),(1286,'2411','F','1600','2140','SALZ2015'),(1287,'2440','T','1900','2140','STEV3038'),(1288,'2377','S','0830','1630','SALZ2015'),(1289,'2409','ARR','','',''),(1290,'2415','T','1600','1840','STEV3038'),(1291,'3883','TH','1000','1150','STEV3082'),(1292,'2363','W','1600','1840','STEV3040'),(1293,'3884','TH','1600','1840','STEV3040'),(1294,'2364','M','1300','1540','STEV3076'),(1295,'2365','M','1900','2140','STEV3082'),(1296,'2360','M','1300','1540','STEV3082'),(1297,'2361','M','1600','1840','STEV3082'),(1298,'2366','W','1900','2140','STEV3040'),(1299,'3885','TH','1300','1540','STEV3040'),(1300,'3886','T','0900','1140','STEV3082'),(1301,'2374','W','1300','1540','STEV3038'),(1302,'2367','M','1300','1540','STEV3038'),(1303,'2368','M','1600','1840','STEV3038'),(1304,'2369','M','1300','1540','SALZ2022'),(1305,'2370','M','1600','1840','SALZ2022'),(1306,'2362','W','1900','2140','STEV3076'),(1307,'2438','TH','1900','2140','STEV3076'),(1308,'2338','ARR','','',''),(1309,'2371','M','1000','1150','SALZ2023'),(1310,'3887','M','1700','1850','STEV2050'),(1311,'2335','ARR','','',''),(1312,'2372','ARR','','',''),(1313,'2356','W','1600','1840','STEV3082'),(1314,'2357','M','1900','2140','STEV3036'),(1315,'2358','W','1900','2140','STEV3082'),(1316,'2434','T','1600','1840','SALZ2024'),(1317,'2441','T','1900','2140','SALZ2022'),(1318,'2442','ARR','','',''),(1319,'2443','ARR','','',''),(1320,'2470','ARR','','',''),(1321,'2407','T','1900','2140','SALZ2024'),(1322,'2359','M','1600','1840','STEV2001'),(1323,'3902','W','1300','1540','SALZ2024'),(1324,'2444','T','1600','1840','GMC1057'),(1325,'2345','ARR','','',''),(1326,'2346','ARR','','',''),(1327,'2380','TH','1600','1840','STEV3082'),(1328,'4258','W','1600','1840','SALZ2024'),(1329,'2449','W','1900','2050','PHED0033'),(1330,'3903','S','1200','1440','STEV3082'),(1331,'3904','S','0900','1140','STEV3082'),(1332,'2337','T','1600','1840','STEV3076'),(1333,'3905','TH','0900','1140','SALZ2022'),(1334,'2351','TH','1200','1540','SALZ2022'),(1335,'2355','ARR','','',''),(1336,'2353','W','1300','1540','STEV3082'),(1337,'2354','W','1600','1940','SALZ2023'),(1338,'2339','ARR','','',''),(1339,'2340','M','1600','1940','SALZ2023'),(1340,'2373','M','1600','1940','SALZ2020'),(1341,'2451','T','1600','1940','SALZ2023'),(1342,'2435','T','1600','1840','STEV3077'),(1343,'2436','M','1600','1840','STEV3077'),(1344,'2437','T','1900','2140','STEV3077'),(1345,'2333','TH','0900','1140','STEV3038'),(1346,'2334','M','1300','1540','STEV3044'),(1347,'2414','F','1300','1540','STEV3082'),(1348,'2376','M','1600','1840','STEV3040'),(1349,'2347','T','1900','2140','STEV3049'),(1350,'2348','T','0900','1140','SALZ2022'),(1351,'2349','T','1300','1540','SALZ2022'),(1352,'2350','W','1300','1540','STEV3076'),(1353,'2375','TH','1300','1540','STEV3038'),(1354,'2341','TH','1600','1840','SALZ2022'),(1355,'2342','TH','1900','2140','STEV3082'),(1356,'2336','ARR','','',''),(1357,'2410','ARR','','',''),(1358,'2344','ARR','','',''),(1359,'2768','T','1300','1415','DARW0103'),(1360,'2768','TH','1300','1415','DARW0103'),(1361,'2786','T','0920','1035','DARW0103'),(1362,'2786','TH','0920','1035','DARW0103'),(1363,'3722','T','1900','2015','DARW0103'),(1364,'3722','TH','1900','2015','DARW0103'),(1365,'2787','W','1700','1750','DARW0308'),(1366,'2788','W','1800','2040','DARW0308'),(1367,'3723','TH','1700','1750','DARW0308'),(1368,'3724','TH','1800','2040','DARW0308'),(1369,'2697','T','1300','1415','DARW0035'),(1370,'2697','TH','1300','1415','DARW0035'),(1371,'3725','M','1045','1200','STEV2079'),(1372,'3725','W','1045','1200','STEV2079'),(1373,'2712','M','1100','1150','IVES0101'),(1374,'2712','W','1100','1150','IVES0101'),(1375,'2712','F','1100','1150','IVES0101'),(1376,'2713','M','1425','1715','DARW0003'),(1377,'2714','M','1100','1150','IVES0101'),(1378,'2714','W','1100','1150','IVES0101'),(1379,'2714','F','1100','1150','IVES0101'),(1380,'2715','M','1800','2050','DARW0003'),(1381,'2716','M','1100','1150','IVES0101'),(1382,'2716','W','1100','1150','IVES0101'),(1383,'2716','F','1100','1150','IVES0101'),(1384,'2717','T','0800','1050','DARW0003'),(1385,'2718','M','1100','1150','IVES0101'),(1386,'2718','W','1100','1150','IVES0101'),(1387,'2718','F','1100','1150','IVES0101'),(1388,'2719','T','1100','1350','DARW0003'),(1389,'2720','M','1100','1150','IVES0101'),(1390,'2720','W','1100','1150','IVES0101'),(1391,'2720','F','1100','1150','IVES0101'),(1392,'2721','T','1425','1715','DARW0003'),(1393,'2722','M','1100','1150','IVES0101'),(1394,'2722','W','1100','1150','IVES0101'),(1395,'2722','F','1100','1150','IVES0101'),(1396,'2723','T','1800','2050','DARW0003'),(1397,'2724','M','1100','1150','IVES0101'),(1398,'2724','W','1100','1150','IVES0101'),(1399,'2724','F','1100','1150','IVES0101'),(1400,'2725','W','1425','1715','DARW0003'),(1401,'2726','M','1100','1150','IVES0101'),(1402,'2726','W','1100','1150','IVES0101'),(1403,'2726','F','1100','1150','IVES0101'),(1404,'2727','TH','0800','1050','DARW0003'),(1405,'2728','M','1100','1150','IVES0101'),(1406,'2728','W','1100','1150','IVES0101'),(1407,'2728','F','1100','1150','IVES0101'),(1408,'2729','TH','1100','1350','DARW0003'),(1409,'3126','M','1100','1150','IVES0101'),(1410,'3126','W','1100','1150','IVES0101'),(1411,'3126','F','1100','1150','IVES0101'),(1412,'3127','W','1800','2050','DARW0003'),(1413,'2819','M','0800','0850','DARW0103'),(1414,'2819','W','0800','0850','DARW0103'),(1415,'2819','F','0800','0850','DARW0103'),(1416,'2820','M','1300','1415','DARW0103'),(1417,'2820','W','1300','1415','DARW0103'),(1418,'2821','F','0900','1140','STEV3008'),(1419,'3715','M','1100','1250','PHED0033'),(1420,'3716','F','1100','1250','DARW0037'),(1421,'2803','T','1045','1200','DARW0103'),(1422,'2803','TH','1045','1200','DARW0103'),(1423,'2804','TH','1425','1715','DARW0205'),(1424,'2805','T','1045','1200','DARW0103'),(1425,'2805','TH','1045','1200','DARW0103'),(1426,'2806','TH','1800','2050','DARW0205'),(1427,'3703','T','1045','1200','DARW0103'),(1428,'3703','TH','1045','1200','DARW0103'),(1429,'3704','F','0900','1150','DARW0205'),(1430,'3705','T','1045','1200','DARW0103'),(1431,'3705','TH','1045','1200','DARW0103'),(1432,'3706','F','1300','1550','DARW0205'),(1433,'3680','T','0920','1035','IVES0101'),(1434,'3680','TH','0920','1035','IVES0101'),(1435,'3681','W','0925','1215','DARW0230'),(1436,'3682','T','0920','1035','IVES0101'),(1437,'3682','TH','0920','1035','IVES0101'),(1438,'3683','W','1425','1715','DARW0230'),(1439,'3691','T','0920','1035','IVES0101'),(1440,'3691','TH','0920','1035','IVES0101'),(1441,'3692','W','1800','2050','DARW0230'),(1442,'3693','T','0920','1035','IVES0101'),(1443,'3693','TH','0920','1035','IVES0101'),(1444,'3694','F','0800','1050','DARW0230'),(1445,'3695','T','0920','1035','IVES0101'),(1446,'3695','TH','0920','1035','IVES0101'),(1447,'3696','TH','1425','1715','DARW0230'),(1448,'3697','T','0920','1035','IVES0101'),(1449,'3697','TH','0920','1035','IVES0101'),(1450,'3698','TH','1800','2050','DARW0230'),(1451,'3699','T','0920','1035','IVES0101'),(1452,'3699','TH','0920','1035','IVES0101'),(1453,'3700','F','1100','1350','DARW0230'),(1454,'2612','T','0715','0830','DARW0103'),(1455,'2612','TH','0715','0830','DARW0103'),(1456,'2613','T','0830','1000','DARW0227'),(1457,'2613','TH','0830','1000','DARW0227'),(1458,'2614','T','0715','0830','DARW0103'),(1459,'2614','TH','0715','0830','DARW0103'),(1460,'2615','T','1000','1130','DARW0227'),(1461,'2615','TH','1000','1130','DARW0227'),(1462,'2773','T','0715','0830','DARW0103'),(1463,'2773','TH','0715','0830','DARW0103'),(1464,'2774','T','1130','1300','DARW0227'),(1465,'2774','TH','1130','1300','DARW0227'),(1466,'2775','T','0715','0830','DARW0103'),(1467,'2775','TH','0715','0830','DARW0103'),(1468,'2776','T','1300','1430','DARW0227'),(1469,'2776','TH','1300','1430','DARW0227'),(1470,'2510','M','0800','0850','DARW0037'),(1471,'2510','W','0800','0850','DARW0037'),(1472,'2510','F','0800','0850','DARW0037'),(1473,'2511','M','0925','1215','DARW0230'),(1474,'2512','M','0800','0850','DARW0037'),(1475,'2512','W','0800','0850','DARW0037'),(1476,'2512','F','0800','0850','DARW0037'),(1477,'2513','M','1400','1650','DARW0230'),(1478,'2956','T','0800','0915','DARW0029'),(1479,'2956','TH','0800','0915','DARW0029'),(1480,'2957','T','0925','1215','DARW0208'),(1481,'2958','T','0800','0915','DARW0029'),(1482,'2958','TH','0800','0915','DARW0029'),(1483,'2959','TH','0925','1215','DARW0208'),(1484,'3709','T','0800','0915','DARW0029'),(1485,'3709','TH','0800','0915','DARW0029'),(1486,'3710','F','0830','1130','DARW0208'),(1487,'2984','T','0800','0915','STEV3008'),(1488,'2984','TH','0800','0915','STEV3008'),(1489,'4290','S','0900','1140','UKIAH'),(1490,'2828','T','0800','0915','DARW0038'),(1491,'2828','TH','0800','0915','DARW0038'),(1492,'2829','T','0925','1215','DARW0004'),(1493,'3711','T','0800','0915','DARW0038'),(1494,'3711','TH','0800','0915','DARW0038'),(1495,'3712','TH','0925','1215','DARW0004'),(1496,'2669','M','0800','0850','DARW0035'),(1497,'2669','W','0800','0850','DARW0035'),(1498,'2669','F','0800','0850','DARW0035'),(1499,'2670','M','0900','1150','DARW0227'),(1500,'3341','T','1300','1415','DARW0037'),(1501,'3341','TH','1300','1415','DARW0037'),(1502,'3342','TH','1425','1715','DARW0231'),(1503,'3713','T','1300','1415','DARW0037'),(1504,'3713','TH','1300','1415','DARW0037'),(1505,'3714','T','1425','1715','DARW0231'),(1506,'2880','M','1430','1545','DARW0107'),(1507,'2880','W','1430','1545','DARW0107'),(1508,'2881','M','1600','1725','DARW0208'),(1509,'2881','W','1600','1725','DARW0208'),(1510,'2667','T','0800','0915','DARW0102'),(1511,'2667','TH','0800','0915','DARW0102'),(1512,'2668','T','0925','1215','DARW0230'),(1513,'2730','T','0800','0915','DARW0102'),(1514,'2730','TH','0800','0915','DARW0102'),(1515,'2731','T','1425','1715','DARW0230'),(1516,'3707','T','0800','0915','DARW0102'),(1517,'3707','TH','0800','0915','DARW0102'),(1518,'3708','T','1800','2050','DARW0230'),(1519,'2671','M','0920','1035','DARW0029'),(1520,'2671','W','0920','1035','DARW0029'),(1521,'3717','M','1045','1335','DARW0204'),(1522,'3888','M','0920','1035','DARW0029'),(1523,'3888','W','0920','1035','DARW0029'),(1524,'3889','M','1425','1715','DARW0204'),(1525,'2664','T','1200','1250','DARW0103'),(1526,'2882','M','1300','1415','DARW0038'),(1527,'2882','W','1300','1415','DARW0038'),(1528,'2883','M','1425','1715','DARW0205'),(1529,'2940','M','1300','1415','DARW0038'),(1530,'2940','W','1300','1415','DARW0038'),(1531,'2941','W','1425','1715','DARW0205'),(1532,'3303','F','1200','1450','DARW0103'),(1533,'2807','TH','1500','1700','DARW0004'),(1534,'2942','M','1500','1700','DARW0231'),(1535,'2734','T','1200','1250','DARW0103'),(1536,'2923','ARR','','',''),(1537,'3157','M','1100','1150','COMMONS'),(1538,'3157','W','1100','1150','COMMONS'),(1539,'3158','TH','1400','1650','CARS0001'),(1540,'3159','M','1100','1150','COMMONS'),(1541,'3159','W','1100','1150','COMMONS'),(1542,'3160','F','0800','1050','CARS0001'),(1543,'3167','M','1100','1150','COMMONS'),(1544,'3167','W','1100','1150','COMMONS'),(1545,'3168','TH','1700','1950','CARS0001'),(1546,'2564','M','0900','0950','DARW0103'),(1547,'2564','W','0900','0950','DARW0103'),(1548,'2564','F','0900','0950','DARW0103'),(1549,'2778','T','1300','1350','CARS0001'),(1550,'2565','T','1400','1650','CARS0001'),(1551,'2797','M','0900','0950','DARW0103'),(1552,'2797','W','0900','0950','DARW0103'),(1553,'2797','F','0900','0950','DARW0103'),(1554,'2798','T','0800','0850','CARS0001'),(1555,'2799','T','0900','1150','CARS0001'),(1556,'2800','M','0900','0950','DARW0103'),(1557,'2800','W','0900','0950','DARW0103'),(1558,'2800','F','0900','0950','DARW0103'),(1559,'2801','M','1300','1350','CARS0001'),(1560,'2802','M','1400','1650','CARS0001'),(1561,'3854','M','0900','0950','DARW0103'),(1562,'3854','W','0900','0950','DARW0103'),(1563,'3854','F','0900','0950','DARW0103'),(1564,'3855','TH','0800','0850','CARS0001'),(1565,'3856','TH','0900','1150','CARS0001'),(1566,'2523','M','1000','1050','DARW0103'),(1567,'2523','W','1000','1050','DARW0103'),(1568,'2523','F','1000','1050','DARW0103'),(1569,'2779','F','1300','1350','DARW0328'),(1570,'2524','F','1400','1650','DARW0328'),(1571,'2525','M','1000','1050','DARW0103'),(1572,'2525','W','1000','1050','DARW0103'),(1573,'2525','F','1000','1050','DARW0103'),(1574,'2780','W','1300','1350','DARW0328'),(1575,'2526','W','1400','1650','DARW0328'),(1576,'2925','M','1000','1050','DARW0103'),(1577,'2925','W','1000','1050','DARW0103'),(1578,'2925','F','1000','1050','DARW0103'),(1579,'2926','T','1300','1350','DARW0328'),(1580,'2927','T','1400','1650','DARW0328'),(1581,'3135','M','1000','1050','DARW0103'),(1582,'3135','W','1000','1050','DARW0103'),(1583,'3135','F','1000','1050','DARW0103'),(1584,'3136','TH','1300','1350','DARW0328'),(1585,'3137','TH','1400','1650','DARW0328'),(1586,'3860','W','1300','1450','DARW0029'),(1587,'2830','M','1000','1050','DARW0035'),(1588,'2830','W','1000','1050','DARW0035'),(1589,'2830','F','1000','1050','DARW0035'),(1590,'2831','M','1300','1350','DARW0326'),(1591,'2832','M','1400','1650','DARW0326'),(1592,'3332','M','1000','1050','DARW0035'),(1593,'3332','W','1000','1050','DARW0035'),(1594,'3332','F','1000','1050','DARW0035'),(1595,'3333','M','1300','1350','DARW0328'),(1596,'3334','M','1400','1650','DARW0328'),(1597,'4248','M','1100','1150','GMC1058'),(1598,'4248','W','1100','1150','GMC1058'),(1599,'4249','T','0900','1150','DARW0328'),(1600,'4249','TH','0900','1150','DARW0328'),(1601,'2672','M','0900','0950','DARW0035'),(1602,'2672','W','0900','0950','DARW0035'),(1603,'2672','F','0900','0950','DARW0035'),(1604,'2673','F','1300','1350','DARW0031'),(1605,'3177','F','1400','1650','DARW0031'),(1606,'2674','M','1100','1150','DARW0029'),(1607,'2674','W','1100','1150','DARW0029'),(1608,'2674','F','1100','1150','DARW0029'),(1609,'2782','M','1100','1150','DARW0035'),(1610,'2782','W','1100','1150','DARW0035'),(1611,'2782','F','1100','1150','DARW0035'),(1612,'2582','M','0900','0950','DARW0037'),(1613,'2582','W','0900','0950','DARW0037'),(1614,'2582','F','0900','0950','DARW0037'),(1615,'3178','M','1300','1350','DARW0323'),(1616,'3179','M','1400','1650','DARW0323'),(1617,'2489','W','1300','1350','DARW0323'),(1618,'2490','W','1400','1650','DARW0323'),(1619,'2833','ARR','','',''),(1620,'3865','T','1300','1350','DARW0326'),(1621,'3866','T','1400','1650','DARW0326'),(1622,'3866','TH','1400','1650','DARW0326'),(1623,'2982','T','1300','1350','DARW0038'),(1624,'2983','T','1400','1650','DARW0320'),(1625,'2983','TH','1400','1650','DARW0320'),(1626,'2887','T','1300','1350','DARW0038'),(1627,'2888','T','0900','1150','DARW0320'),(1628,'2888','TH','0900','1150','DARW0320'),(1629,'2675','M','1000','1050','DARW0038'),(1630,'2675','W','1000','1050','DARW0038'),(1631,'2675','F','1000','1050','DARW0038'),(1632,'3867','ARR','','','DARW0320'),(1633,'3300','M','1500','1650','DARW0030'),(1634,'3300','W','1500','1650','DARW0030'),(1635,'2744','F','1200','1250','DARW0107'),(1636,'2744','W','1300','1450','SALZ2013'),(1637,'2590','T','1100','1250','IVES0101'),(1638,'2591','M','1000','1150','DARW0024'),(1639,'2592','T','1100','1250','IVES0101'),(1640,'2593','M','1200','1350','DARW0024'),(1641,'2594','T','1100','1250','IVES0101'),(1642,'2765','W','1500','1650','DARW0024'),(1643,'2596','T','1100','1250','IVES0101'),(1644,'3390','W','1700','1850','DARW0024'),(1645,'2598','T','1100','1250','IVES0101'),(1646,'2599','TH','1000','1150','DARW0024'),(1647,'3952','T','1100','1250','IVES0101'),(1648,'3953','TH','1200','1350','DARW0024'),(1649,'3954','T','1100','1340','IVES0101'),(1650,'3955','TH','1500','1650','DARW0024'),(1651,'3956','T','1100','1250','IVES0101'),(1652,'3957','TH','1700','1850','DARW0024'),(1653,'2600','W','1600','1750','IVES0101'),(1654,'2601','M','1400','1550','DARW0024'),(1655,'2602','W','1600','1750','IVES0101'),(1656,'2603','M','1600','1750','DARW0024'),(1657,'2604','W','1600','1750','IVES0101'),(1658,'2605','M','1800','1950','DARW0024'),(1659,'2606','W','1600','1750','IVES0101'),(1660,'2607','T','1400','1550','DARW0024'),(1661,'2608','W','1600','1750','IVES0101'),(1662,'2609','T','1600','1750','DARW0024'),(1663,'2610','W','1600','1750','IVES0101'),(1664,'2611','T','1800','1950','DARW0024'),(1665,'2764','W','1600','1750','IVES0101'),(1666,'2595','W','1100','1250','DARW0024'),(1667,'3389','W','1600','1750','IVES0101'),(1668,'2597','W','1300','1450','DARW0024'),(1669,'2516','T','0920','1035','DARW0102'),(1670,'2516','TH','0920','1035','DARW0102'),(1671,'2841','T','1600','1850','DARW0025'),(1672,'2777','T','0920','1035','DARW0102'),(1673,'2777','TH','0920','1035','DARW0102'),(1674,'2842','W','1300','1550','DARW0025'),(1675,'3349','T','0920','1035','DARW0102'),(1676,'3349','TH','0920','1035','DARW0102'),(1677,'3350','W','1600','1850','DARW0025'),(1678,'2843','TH','1400','1550','DARW0025'),(1679,'2483','TH','0900','1150','DARW0025'),(1680,'3351','TH','1600','1850','DARW0025'),(1681,'2484','M','1430','1545','DARW0035'),(1682,'2484','W','1430','1545','DARW0035'),(1683,'2844','T','1300','1550','DARW0028'),(1684,'3187','M','1430','1545','DARW0035'),(1685,'3187','W','1430','1545','DARW0035'),(1686,'3188','T','0900','1150','DARW0028'),(1687,'2845','M','1200','1350','DARW0107'),(1688,'2845','W','1200','1350','DARW0107'),(1689,'2846','T','1045','1200','DARW0035'),(1690,'2846','TH','1045','1200','DARW0035'),(1691,'2847','T','1300','1550','DARW0025'),(1692,'2676','M','0800','0915','DARW0107'),(1693,'2676','W','0800','0915','DARW0107'),(1694,'2848','T','1700','1950','DARW0028'),(1695,'3826','M','0800','0915','DARW0107'),(1696,'3826','W','0800','0915','DARW0107'),(1697,'3827','F','0900','1150','DARW0028'),(1698,'3828','M','1200','1350','DARW0031'),(1699,'3829','W','1200','1350','DARW0028'),(1700,'2677','T','1400','1550','DARW0038'),(1701,'2912','TH','1400','1550','DARW0028'),(1702,'3830','M','1000','1150','SALZ2009A'),(1703,'3830','W','1000','1150','SALZ2009A'),(1704,'2678','M','1600','1750','DARW0107'),(1705,'2678','W','1600','1750','DARW0107'),(1706,'2706','T','0800','0950','DARW0037'),(1707,'2706','TH','0800','0950','DARW0037'),(1708,'2542','TH','1200','1250','SALZ2016'),(1709,'2707','T','1000','1150','STEV2050'),(1710,'2707','TH','1000','1150','STEV2050'),(1711,'2913','TH','1600','1840','DARW0030'),(1712,'3189','T','1600','1840','DARW0038'),(1713,'3304','ARR','','',''),(1714,'2928','M','1600','1715','COMMONS'),(1715,'2928','W','1600','1715','COMMONS'),(1716,'2929','T','1600','1715','DARW0103'),(1717,'2929','TH','1600','1715','DARW0103'),(1718,'2930','M','1715','2005','SALZ2003'),(1719,'2979','W','1715','2005','SALZ2003'),(1720,'3346','W','1400','1450','SALZ2001'),(1721,'3347','TH','1300','1550','SALZ2003'),(1722,'3164','W','1400','1450','SALZ2003'),(1723,'2813','M','1400','1515','SALZ2009A'),(1724,'2813','W','1400','1515','SALZ2009A'),(1725,'2814','TH','1300','1550','SALZ2005'),(1726,'3793','T','1400','1515','SALZ2001'),(1727,'3793','TH','1400','1515','SALZ2001'),(1728,'3737','W','1400','1650','SALZ2005'),(1729,'2815','T','1045','1200','SALZ2009A'),(1730,'2815','TH','1045','1200','SALZ2009A'),(1731,'2816','T','1300','1550','SALZ2005'),(1732,'2905','M','1400','1515','SALZ2008'),(1733,'2905','W','1400','1515','SALZ2008'),(1734,'2906','M','1520','1645','SALZ2008'),(1735,'2906','W','1520','1645','SALZ2008'),(1736,'2840','M','0920','1035','DARW0107'),(1737,'2840','W','0920','1035','DARW0107'),(1738,'3196','M','1730','1845','SALZ2009A'),(1739,'3196','W','1730','1845','SALZ2009A'),(1740,'3197','W','1850','2040','SALZ2005'),(1741,'3912','T','1600','1840','DARW0038'),(1742,'3195','TH','1730','2020','SALZ2001'),(1743,'3413','ARR','','',''),(1744,'2907','TH','1600','1730','SALZ2009A'),(1745,'2495','M','1100','1150','DARW0037'),(1746,'2495','W','1100','1150','DARW0037'),(1747,'2496','M','1300','1550','DARW0022'),(1748,'2497','M','1100','1150','DARW0037'),(1749,'2497','W','1100','1150','DARW0037'),(1750,'2498','W','1300','1550','DARW0022'),(1751,'2961','T','1100','1150','DARW0037'),(1752,'2961','TH','1100','1150','DARW0037'),(1753,'2962','T','1300','1550','DARW0022'),(1754,'3132','T','1100','1150','DARW0037'),(1755,'3132','TH','1100','1150','DARW0037'),(1756,'3133','TH','1300','1550','DARW0022'),(1757,'2573','M','1430','1545','DARW0103'),(1758,'2573','W','1430','1545','DARW0103'),(1759,'3134','T','1430','1545','DARW0103'),(1760,'3134','TH','1430','1545','DARW0103'),(1761,'3839','T','1700','1815','DARW0102'),(1762,'3839','TH','1700','1815','DARW0102'),(1763,'3190','M','0900','1015','DARW0128'),(1764,'3190','W','0900','1015','DARW0128'),(1765,'3194','M','1030','1150','DARW0128'),(1766,'3194','W','1030','1150','DARW0128'),(1767,'3191','T','1300','1350','DARW0023'),(1768,'2679','T','0900','1015','DARW0128'),(1769,'2679','TH','0900','1015','DARW0128'),(1770,'2680','T','1030','1150','DARW0128'),(1771,'2680','TH','1030','1150','DARW0128'),(1772,'2681','T','1200','1250','DARW0023'),(1773,'3192','M','0900','1015','DARW0023'),(1774,'3192','W','0900','1015','DARW0023'),(1775,'3193','M','1030','1150','DARW0023'),(1776,'3193','W','1030','1150','DARW0023'),(1777,'2908','T','1300','1415','DARW0128'),(1778,'2908','TH','1300','1415','DARW0128'),(1779,'2909','T','1430','1720','DARW0128'),(1780,'2931','M','1300','1415','DARW0128'),(1781,'2931','W','1300','1415','DARW0128'),(1782,'2932','W','1430','1720','DARW0128'),(1783,'2943','W','1730','1820','DARW0128'),(1784,'2682','M','1800','2040','DARW0030'),(1785,'2683','T','0800','0850','DARW0128'),(1786,'2684','ARR','','','OFF-SITE'),(1787,'3427','ARR','','',''),(1788,'2626','M','1000','1050','POOL'),(1789,'2626','W','1000','1050','POOL'),(1790,'2627','M','1100','1150','POOL'),(1791,'2627','W','1100','1150','POOL'),(1792,'2629','T','1100','1150','POOL'),(1793,'2629','TH','1100','1150','POOL'),(1794,'2630','T','1900','2200','PHED0015'),(1795,'2630','T','2030','2150','POOL'),(1796,'2635','T','0900','0950','GYMN'),(1797,'2635','TH','0900','0950','GYMN'),(1798,'2757','M','1000','1050','PHED0008'),(1799,'2757','W','1000','1050','PHED0008'),(1800,'2812','M','1100','1150','GYMN'),(1801,'2812','W','1100','1150','GYMN'),(1802,'2736','T','1100','1150','PHED0006'),(1803,'2736','TH','1100','1150','PHED0006'),(1804,'2656','M','0900','0950','GYMN'),(1805,'2656','W','0900','0950','GYMN'),(1806,'2638','T','1200','1250','FLDH0101'),(1807,'2638','TH','1200','1250','FLDH0101'),(1808,'2639','T','1100','1150','FLDH0101'),(1809,'2639','TH','1100','1150','FLDH0101'),(1810,'2640','F','1000','1150','FLDH0101'),(1811,'2653','T','0900','0950','FLDH0101'),(1812,'2653','TH','0900','0950','FLDH0101'),(1813,'2658','M','1200','1250','FLDH0101'),(1814,'2658','W','1200','1250','FLDH0101'),(1815,'2645','M','1000','1050','PHED0006'),(1816,'2645','W','1000','1050','PHED0006'),(1817,'2646','T','1000','1050','FLDH0101'),(1818,'2646','TH','1000','1050','FLDH0101'),(1819,'2650','TH','1830','2010','FLDH0101'),(1820,'2651','W','1700','1840','FLDH0101'),(1821,'2810','M','0800','0850','PHED0006'),(1822,'2810','W','0800','0850','PHED0006'),(1823,'2641','T','0800','0850','PHED0006'),(1824,'2641','TH','0800','0850','PHED0006'),(1825,'2644','T','1200','1350','SSUFIELD-H'),(1826,'2644','TH','1200','1350','SSUFIELD-H'),(1827,'2739','T','0600','0750','GYMN'),(1828,'2739','TH','0600','0750','GYMN'),(1829,'2758','ARR','','',''),(1830,'2793','M','0700','0750','SSUTRACK'),(1831,'2793','W','0700','0750','SSUTRACK'),(1832,'2863','T','0700','0750','POOL'),(1833,'2863','TH','0700','0750','POOL'),(1834,'3388','F','1000','1150','PHED0015'),(1835,'2850','M','0920','1035','DARW0030'),(1836,'2850','W','0920','1035','DARW0030'),(1837,'3374','M','1045','1200','DARW0030'),(1838,'3374','W','1045','1200','DARW0030'),(1839,'3835','T','1400','1650','DARW0030'),(1840,'2753','M','1800','1940','PHED0033'),(1841,'2754','M','1600','1740','PHED0044'),(1842,'2917','M','1800','1940','PHED0033'),(1843,'2918','M','2000','2140','PHED0044'),(1844,'2494','M','0800','0950','PHED0033'),(1845,'2494','W','0800','0950','PHED0033'),(1846,'2621','M','0800','0915','PHED0038'),(1847,'2621','W','0800','0915','PHED0038'),(1848,'2622','M','0920','1200','PHED0038'),(1849,'2623','M','0800','0915','PHED0038'),(1850,'2623','W','0800','0915','PHED0038'),(1851,'2624','W','0920','1200','PHED0038'),(1852,'2790','M','0800','0915','PHED0038'),(1853,'2790','W','0800','0915','PHED0038'),(1854,'2791','TH','1300','1540','PHED0038'),(1855,'3241','T','1430','1520','FLDH0101'),(1856,'3241','TH','1430','1520','FLDH0101'),(1857,'3307','T','1300','1350','FLDH0101'),(1858,'3307','TH','1300','1350','FLDH0101'),(1859,'3836','T','1430','1545','DARW0035'),(1860,'3836','TH','1430','1545','DARW0035'),(1861,'2666','T','0800','0915','DARW0035'),(1862,'2666','TH','0800','0915','DARW0035'),(1863,'2532','T','0800','0915','PHED0038'),(1864,'2532','TH','0800','0915','PHED0038'),(1865,'2533','T','0920','1200','PHED0044'),(1866,'2534','T','0800','0915','PHED0038'),(1867,'2534','TH','0800','0915','PHED0038'),(1868,'2535','TH','0920','1200','PHED0044'),(1869,'2915','T','0800','0915','PHED0038'),(1870,'2915','TH','0800','0915','PHED0038'),(1871,'2916','T','1320','1600','PHED0044'),(1872,'2616','M','1300','1415','DARW0035'),(1873,'2616','W','1300','1415','DARW0035'),(1874,'2617','W','1000','1240','PHED0037'),(1875,'2618','M','1300','1415','DARW0035'),(1876,'2618','W','1300','1415','DARW0035'),(1877,'2619','M','1430','1710','PHED0037'),(1878,'2750','M','1300','1415','DARW0035'),(1879,'2750','W','1300','1415','DARW0035'),(1880,'2751','W','1430','1710','PHED0037'),(1881,'2685','ARR','','','FIELDS'),(1882,'2891','ARR','','','GYMN'),(1883,'2686','ARR','','','COURTS'),(1884,'2752','ARR','','','FIELDS'),(1885,'2892','ARR','','','GYMN'),(1886,'2687','ARR','','','FIELDS'),(1887,'2688','ARR','','','COURTS'),(1888,'2689','ARR','','','FIELDS'),(1889,'2740','ARR','','','POOL'),(1890,'2583','M','1300','1415','PHED0033'),(1891,'2583','W','1300','1415','PHED0033'),(1892,'3242','M','1600','1715','PHED0033'),(1893,'3242','W','1600','1715','PHED0033'),(1894,'3749','T','1700','1940','DARW0030'),(1895,'2893','M','1800','2050','DARW0031'),(1896,'3375','W','1800','2050','DARW0030'),(1897,'3244','M','1600','1800','PHED0038'),(1898,'3244','W','1600','1800','PHED0038'),(1899,'2741','M','1800','2040','PHED0038'),(1900,'3251','ARR','','',''),(1901,'2561','ARR','','',''),(1902,'2901','ARR','','',''),(1903,'3257','ARR','','',''),(1904,'3264','ARR','','',''),(1905,'2755','W','0900','1200','SALZ2023'),(1906,'2761','W','0800','0850','PHED0044'),(1907,'3165','W','0900','1200','SALZ2023'),(1908,'3166','W','1200','1250','PHED0044'),(1909,'2811','F','0920','1210','PHED0038'),(1910,'2491','M','1300','1415','PHED0038'),(1911,'2491','W','1300','1415','PHED0038'),(1912,'2934','TH','1700','1940','PHED0033'),(1913,'3751','T','1700','2000','PHED0033'),(1914,'2559','ARR','','',''),(1915,'3222','T','0800','0915','IVES0101'),(1916,'3222','TH','0800','0915','IVES0101'),(1917,'3223','M','1400','1450','IVES0024'),(1918,'3224','T','0800','0915','IVES0101'),(1919,'3224','TH','0800','0915','IVES0101'),(1920,'3225','W','1400','1450','IVES0024'),(1921,'3226','T','0800','0915','IVES0101'),(1922,'3226','TH','0800','0915','IVES0101'),(1923,'3227','T','1000','1050','DARW0037'),(1924,'3228','T','0800','0915','IVES0101'),(1925,'3228','TH','0800','0915','IVES0101'),(1926,'3229','T','1100','1150','DARW0038'),(1927,'3230','T','0800','0915','IVES0101'),(1928,'3230','TH','0800','0915','IVES0101'),(1929,'3231','TH','1000','1050','DARW0037'),(1930,'3232','M','1800','1950','SALZ2014'),(1931,'3232','W','1800','1950','SALZ2014'),(1932,'3233','M','1600','1750','NICH0173'),(1933,'3233','W','1600','1750','NICH0173'),(1934,'3234','M','1000','1150','STEV3038'),(1935,'3234','W','1000','1150','STEV3038'),(1936,'3235','T','1300','1450','SALZ2014'),(1937,'3235','TH','1300','1450','SALZ2014'),(1938,'3236','T','1900','2050','DARW0031'),(1939,'3236','TH','1900','2050','DARW0031'),(1940,'3410','T','0800','0950','SALZ2023'),(1941,'3410','TH','0800','0950','SALZ2023'),(1942,'3411','T','1500','1650','SALZ2014'),(1943,'3411','TH','1500','1650','SALZ2014'),(1944,'3848','M','1600','1750','SALZ2014'),(1945,'3848','W','1600','1750','SALZ2014'),(1946,'3849','T','1500','1650','DARW0107'),(1947,'3849','TH','1500','1650','DARW0107'),(1948,'3850','M','1100','1150','SALZ2014'),(1949,'3850','W','1100','1150','SALZ2014'),(1950,'3850','F','1100','1150','SALZ2014'),(1951,'2505','T','1600','1715','DARW0035'),(1952,'2505','TH','1600','1715','DARW0035'),(1953,'2690','M','1400','1450','DARW0030'),(1954,'2690','W','1400','1450','DARW0030'),(1955,'2690','F','1400','1450','DARW0030'),(1956,'2509','M','1045','1200','DARW0102'),(1957,'2509','W','1045','1200','DARW0102'),(1958,'3141','M','0800','0915','DARW0030'),(1959,'3141','W','0800','0915','DARW0030'),(1960,'3142','T','1600','1715','DARW0037'),(1961,'3142','TH','1600','1715','DARW0037'),(1962,'3143','M','1600','1715','DARW0035'),(1963,'3143','W','1600','1715','DARW0035'),(1964,'3144','M','1430','1545','DARW0031'),(1965,'3144','W','1430','1545','DARW0031'),(1966,'3145','T','0800','0915','DARW0030'),(1967,'3145','TH','0800','0915','DARW0030'),(1968,'2762','T','1045','1200','DARW0109'),(1969,'2762','TH','1045','1200','DARW0109'),(1970,'2536','M','1500','1550','DARW0109'),(1971,'2536','W','1500','1550','DARW0109'),(1972,'2536','F','1500','1550','DARW0109'),(1973,'2537','T','1300','1415','DARW0109'),(1974,'2537','TH','1300','1415','DARW0109'),(1975,'2538','T','1725','1840','DARW0109'),(1976,'2538','TH','1725','1840','DARW0109'),(1977,'2952','M','1725','1840','DARW0109'),(1978,'2952','W','1725','1840','DARW0109'),(1979,'2570','M','1000','1150','IVES0045'),(1980,'2570','W','1000','1150','IVES0045'),(1981,'2571','T','1300','1450','DARW0031'),(1982,'2571','TH','1300','1450','DARW0031'),(1983,'2572','M','1240','1350','DARW0030'),(1984,'2572','W','1240','1350','DARW0030'),(1985,'2572','F','1240','1350','DARW0030'),(1986,'2620','T','1700','1750','DARW0107'),(1987,'2620','TH','1700','1750','DARW0107'),(1988,'2529','T','0800','0950','DARW0031'),(1989,'2529','TH','0800','0950','DARW0031'),(1990,'2530','M','1200','1350','IVES0079'),(1991,'2530','W','1200','1350','IVES0079'),(1992,'2531','M','1000','1150','IVES0078'),(1993,'2531','W','1000','1150','IVES0078'),(1994,'2769','M','1600','1750','DARW0037'),(1995,'2769','W','1600','1750','DARW0037'),(1996,'2576','M','1700','1750','DARW0030'),(1997,'2576','W','1700','1750','DARW0030'),(1998,'2577','T','1700','1750','STEV2075'),(1999,'2577','TH','1700','1750','STEV2075'),(2000,'3386','M','0925','1200','STEV3082'),(2001,'3386','W','0925','1200','STEV3082'),(2002,'2499','T','1300','1450','DARW0107'),(2003,'2499','TH','1300','1450','DARW0107'),(2004,'2500','M','0800','0950','DARW0038'),(2005,'2500','W','0800','0950','DARW0038'),(2006,'2501','T','1700','1850','DARW0031'),(2007,'2501','TH','1700','1850','DARW0031'),(2008,'2502','T','1900','2050','DARW0035'),(2009,'2502','TH','1900','2050','DARW0035'),(2010,'2963','M','1200','1350','SALZ2020'),(2011,'2963','W','1200','1350','SALZ2020'),(2012,'2964','T','1500','1650','DARW0031'),(2013,'2964','TH','1500','1650','DARW0031'),(2014,'3147','M','1200','1350','SALZ2014'),(2015,'3147','W','1200','1350','SALZ2014'),(2016,'3148','T','1900','2050','SALZ2014'),(2017,'3148','TH','1900','2050','SALZ2014'),(2018,'3149','M','1800','1950','DARW0107'),(2019,'3149','W','1800','1950','DARW0107'),(2020,'3150','T','1000','1150','SALZ2014'),(2021,'3150','TH','1000','1150','SALZ2014'),(2022,'3151','M','1200','1350','DARW0037'),(2023,'3151','W','1200','1350','DARW0037'),(2024,'3152','T','1700','1850','SALZ2014'),(2025,'3152','TH','1700','1850','SALZ2014'),(2026,'3170','T','1900','2050','DARW0107'),(2027,'3170','TH','1900','2050','DARW0107'),(2028,'3171','M','1400','1550','SALZ2014'),(2029,'3171','W','1400','1550','SALZ2014'),(2030,'3378','M','1000','1150','SALZ2024'),(2031,'3378','W','1000','1150','SALZ2024'),(2032,'2493','W','1600','1650','DARW0103'),(2033,'2519','M','0800','0950','DARW0031'),(2034,'2519','W','0800','0950','DARW0031'),(2035,'3153','TH','0900','0950','STEV2044'),(2036,'2520','T','1000','1150','DARW0029'),(2037,'2520','TH','1000','1150','DARW0029'),(2038,'3154','W','0900','0950','STEV2055'),(2039,'2521','T','1500','1650','IVES0045'),(2040,'2521','TH','1500','1650','IVES0045'),(2041,'3155','T','1700','1750','STEV2055'),(2042,'2584','M','0800','0950','DARW0031'),(2043,'2584','W','0800','0950','DARW0031'),(2044,'2585','T','1000','1150','DARW0029'),(2045,'2585','TH','1000','1150','DARW0029'),(2046,'2586','T','1500','1650','IVES0045'),(2047,'2586','TH','1500','1650','IVES0045'),(2048,'3306','M','1700','1750','DARW0029'),(2049,'3306','W','1700','1750','DARW0029'),(2050,'2504','M','1430','1545','DARW0038'),(2051,'2504','W','1430','1545','DARW0038'),(2052,'2503','T','0800','0950','SALZ2014'),(2053,'2503','TH','0800','0950','SALZ2014'),(2054,'2517','M','1000','1150','STEV2083'),(2055,'2517','W','1000','1150','STEV2083'),(2056,'3853','M','0800','0950','SALZ2024'),(2057,'3853','W','0800','0950','SALZ2024'),(2058,'2789','T','1300','1450','DARW0029'),(2059,'2789','TH','1300','1450','DARW0029'),(2060,'2514','T','1430','1545','DARW0109'),(2061,'2514','TH','1430','1545','DARW0109'),(2062,'2515','T','0920','1035','DARW0109'),(2063,'2515','TH','0920','1035','DARW0109'),(2064,'2745','M','1045','1200','DARW0109'),(2065,'2745','W','1045','1200','DARW0109'),(2066,'2746','T','0800','0915','DARW0109'),(2067,'2746','TH','0800','0915','DARW0109'),(2068,'2691','T','1045','1200','DARW0030'),(2069,'2691','TH','1045','1200','DARW0030'),(2070,'2692','M','0920','1045','DARW0109'),(2071,'2692','W','0920','1045','DARW0109'),(2072,'2693','M','1300','1415','DARW0109'),(2073,'2693','W','1300','1415','DARW0109'),(2074,'2694','T','0920','1035','DARW0035'),(2075,'2694','TH','0920','1035','DARW0035'),(2076,'3245','T','1045','1200','IVES0045'),(2077,'3245','TH','1045','1200','IVES0045'),(2078,'2695','T','1300','1450','PHED0033'),(2079,'2695','TH','1300','1450','PHED0033'),(2080,'3217','M','0900','0950','SALZ2014'),(2081,'3217','W','0900','0950','SALZ2014'),(2082,'3217','F','0900','0950','SALZ2014'),(2083,'2547','M','0800','0850','DARW0109'),(2084,'2547','W','0800','0850','DARW0109'),(2085,'2518','W','1600','1650','DARW0103'),(2086,'2910','M','1800','1850','STEV2055'),(2087,'2910','W','1800','1850','STEV2055'),(2088,'2960','M','1900','1950','DARW0029'),(2089,'2960','W','1900','1950','DARW0029'),(2090,'2709','ARR','','',''),(2091,'2696','M','1300','1415','DARW0109'),(2092,'2696','W','1300','1415','DARW0109'),(2093,'3218','M','1500','1550','DARW0102'),(2094,'3218','W','1500','1550','DARW0102'),(2095,'3218','F','1500','1550','DARW0102'),(2096,'3220','M','1430','1545','DARW0037'),(2097,'3220','W','1430','1545','DARW0037'),(2098,'2911','M','1000','1150','SALZ1051'),(2099,'2911','W','1000','1150','SALZ1051'),(2100,'2914','M','0800','0850','DARW0109'),(2101,'2914','W','0800','0850','DARW0109'),(2102,'2849','F','1300','1350','DARW0109'),(2103,'3201','M','0800','0950','STEV3036'),(2104,'3201','W','0800','0950','STEV3036'),(2105,'3202','TH','','','OFF-SITE'),(2106,'3202','F','','','OFF-SITE'),(2107,'3203','M','0800','0950','STEV3036'),(2108,'3203','W','0800','0950','STEV3036'),(2109,'3204','TH','','','OFF-SITE'),(2110,'3204','F','','','OFF-SITE'),(2111,'3205','M','0800','0950','STEV3036'),(2112,'3205','W','0800','0950','STEV3036'),(2113,'3206','TH','','','OFF-SITE'),(2114,'3206','F','','','OFF-SITE'),(2115,'3207','T','1100','1420','DARW0102'),(2116,'3208','ARR','','','OFF-SITE'),(2117,'3209','T','1100','1420','DARW0102'),(2118,'3210','ARR','','','OFF-SITE'),(2119,'3211','T','1100','1420','DARW0102'),(2120,'3212','ARR','','','OFF-SITE'),(2121,'3199','W','1300','1540','SALZ2015'),(2122,'3213','ARR','1725','2005','DARW0038'),(2123,'3213','ARR','','','ONLINE'),(2124,'3215','ARR','','','ONLINE'),(2125,'3311','ARR','','','ONLINE'),(2126,'4250','TH','1725','2005','DARW0037'),(2127,'4251','ARR','','','ONLINE'),(2128,'4252','ARR','','','OFF-SITE'),(2129,'4253','ARR','','','OFF-SITE'),(2130,'4254','ARR','','','OFF-SITE'),(2131,'4255','ARR','','','OFF-SITE'),(2132,'4256','ARR','','','OFF-SITE'),(2133,'3312','ARR','','','OFF-SITE'),(2134,'3321','ARR','','','OFF-SITE'),(2135,'3296','ARR','','','ONLINE'),(2136,'3297','ARR','','','ONLINE'),(2137,'3298','ARR','','','ONLINE'),(2138,'2747','M','1800','2040','DARW0102'),(2139,'3794','F','0900','1140','DARW0102'),(2140,'3313','W','0900','1700','NICH0149'),(2141,'3314','T','0900','1700','NICH0149'),(2142,'3316','ARR','','','ONLINE'),(2143,'3317','ARR','','','ONLINE'),(2144,'3322','ARR','','','OFF-SITE'),(2145,'3323','ARR','','','OFF-SITE'),(2146,'3324','ARR','','','OFF-SITE'),(2147,'3325','ARR','','','OFF-SITE'),(2148,'3326','ARR','','','OFF-SITE'),(2149,'3327','ARR','','','OFF-SITE'),(2150,'3379','ARR','','','OFF-SITE'),(2151,'3380','ARR','','','OFF-SITE'),(2152,'3381','ARR','','','OFF-SITE'),(2153,'3915','ARR','','','OFF-SITE'),(2154,'3330','ARR','','','ONLINE'),(2155,'3331','ARR','','','ONLINE'),(2156,'3364','ARR','','','ONLINE'),(2157,'3365','ARR','','','ONLINE'),(2158,'3366','ARR','','','ONLINE'),(2159,'3367','ARR','','','ONLINE'),(2160,'3369','ARR','','','ONLINE'),(2161,'3370','ARR','','','ONLINE'),(2162,'3371','ARR','','','ONLINE'),(2163,'4115','ARR','','','ONLINE'),(2164,'2566','M','1000','1050','DARW0037'),(2165,'2566','W','1000','1050','DARW0037'),(2166,'2566','F','1000','1050','DARW0037'),(2167,'2763','TH','1300','1540','DARW0308'),(2168,'2522','M','1100','1150','DARW0107'),(2169,'2522','T','1100','1150','DARW0107'),(2170,'2522','W','1100','1150','DARW0107'),(2171,'2522','TH','1100','1150','DARW0107'),(2172,'3726','T','1300','1350','DARW0030'),(2173,'2665','F','1300','1540','DARW0308'),(2174,'2543','M','1400','1650','DARW0308'),(2175,'2544','M','1700','1950','DARW0308'),(2176,'2749','T','1600','1840','DARW0308'),(2177,'2698','M','1300','1540','DARW0311'),(2178,'2699','M','1600','1840','DARW0311'),(2179,'2492','M','1100','1150','DARW0103'),(2180,'2492','W','1100','1150','DARW0103'),(2181,'2492','F','1100','1150','DARW0103'),(2182,'2700','M','1200','1250','DARW0102'),(2183,'2700','W','1200','1250','DARW0102'),(2184,'2700','F','1200','1250','DARW0102'),(2185,'3163','M','1100','1150','DARW0038'),(2186,'3163','W','1100','1150','DARW0038'),(2187,'3163','TH','1100','1150','DARW0038'),(2188,'3163','F','1100','1150','DARW0038'),(2189,'3183','T','1300','1540','DARW0311'),(2190,'3358','T','1600','1715','DARW0029'),(2191,'3358','TH','1600','1715','DARW0029'),(2192,'3359','F','1300','1540','DARW0311'),(2193,'2796','F','1200','1250','DARW0038'),(2194,'2796','M','1100','1150','STEV3044'),(2195,'2796','W','1100','1150','STEV3044'),(2196,'2796','F','1100','1150','STEV3044'),(2197,'2701','T','1430','1545','DARW0037'),(2198,'2701','TH','1430','1545','DARW0037'),(2199,'2702','T','0920','1035','DARW0038'),(2200,'2702','TH','0920','1035','DARW0038'),(2201,'3184','M','1300','1350','NICH0242'),(2202,'3184','W','1300','1350','NICH0242'),(2203,'3185','W','1400','1650','SALZ2009B'),(2204,'3728','M','0920','1035','DARW0107'),(2205,'3728','W','0920','1035','DARW0107'),(2206,'2760','ARR','','',''),(2207,'2660','M','1600','1715','DARW0103'),(2208,'2817','ARR','','',''),(2209,'3890','M','1300','1440','DARW0029'),(2210,'3891','F','0900','1240','DARW0030'),(2211,'3892','T','1400','1540','SALZ2023'),(2212,'3893','F','0900','1240','DARW0031'),(2213,'3523','ARR','','',''),(2214,'3581','ARR','','',''),(2215,'3511','ARR','','',''),(2216,'3569','TH','1000','1050',''),(2217,'3570','TH','1100','1150',''),(2218,'3572','TH','1500','1550',''),(2219,'3514','W','1200','1250','IVES0101'),(2220,'3514','M','1400','1550','STEV3040'),(2221,'3514','W','1400','1550','STEV3040'),(2222,'3515','W','1200','1250','IVES0101'),(2223,'3515','T','1500','1650','NICH0242'),(2224,'3515','TH','1500','1650','NICH0242'),(2225,'3516','W','1200','1250','IVES0101'),(2226,'3516','T','1300','1450','STEV2050'),(2227,'3516','TH','1300','1450','STEV2050'),(2228,'3517','W','1200','1250','IVES0101'),(2229,'3517','T','1300','1450','STEV3076'),(2230,'3517','TH','1300','1450','STEV3076'),(2231,'3518','W','1200','1250','IVES0101'),(2232,'3518','T','1700','1850','STEV2050'),(2233,'3518','TH','1700','1850','STEV2050'),(2234,'3519','W','1200','1250','IVES0101'),(2235,'3519','M','1400','1550','SALZ2023'),(2236,'3519','W','1400','1550','SALZ2023'),(2237,'3520','W','1200','1250','IVES0101'),(2238,'3520','T','1000','1150','SALZ2023'),(2239,'3520','TH','1000','1150','SALZ2023'),(2240,'3521','W','1200','1250','IVES0101'),(2241,'3521','M','1600','1750','STEV3049'),(2242,'3521','W','1600','1750','STEV3049'),(2243,'3522','W','1200','1250','IVES0101'),(2244,'3522','T','1000','1150','PHED0033'),(2245,'3522','TH','1000','1150','PHED0033'),(2246,'3524','T','1300','1350','STEV3038'),(2247,'3559','W','1200','1250','SALZ2022'),(2248,'3560','W','1200','1250','CARS0030'),(2249,'3561','M','1000','1050','SALZ2022'),(2250,'3562','W','1100','1150','CHALK HILL'),(2251,'3563','TH','1600','1650','SALZ2024'),(2252,'3564','M','1800','1850','STEV3036'),(2253,'3565','W','1300','1350','STEV3036'),(2254,'3566','M','1200','1250','SALZ2024'),(2255,'3567','TH','1500','1550','SALZ2024'),(2256,'3545','M','1200','1250','IVES0101'),(2257,'3546','T','1000','1150','STEV3028'),(2258,'3547','M','1200','1250','IVES0101'),(2259,'3548','TH','1000','1150','STEV3028'),(2260,'3549','M','1200','1250','IVES0101'),(2261,'3550','T','1700','1850','STEV3082'),(2262,'3551','M','1200','1250','IVES0101'),(2263,'3552','TH','1700','1850','STEV3076'),(2264,'3553','M','1200','1250','IVES0101'),(2265,'3554','M','1400','1550','STEV3049'),(2266,'3555','M','1200','1250','IVES0101'),(2267,'3556','W','1400','1550','STEV3049'),(2268,'3557','M','1200','1250','IVES0101'),(2269,'3558','M','1400','1550','SALZ2020');
/*!40000 ALTER TABLE `section_time` ENABLE KEYS */;
UNLOCK TABLES;

--
-- Table structure for table `student`
--

DROP TABLE IF EXISTS `student`;
/*!40101 SET @saved_cs_client     = @@character_set_client */;
/*!40101 SET character_set_client = utf8 */;
CREATE TABLE `student` (
  `id` varchar(9) NOT NULL,
  `fname` varchar(20) NOT NULL,
  `lname` varchar(20) NOT NULL,
  PRIMARY KEY (`id`)
) ENGINE=InnoDB DEFAULT CHARSET=latin1;
/*!40101 SET character_set_client = @saved_cs_client */;

--
-- Dumping data for table `student`
--

LOCK TABLES `student` WRITE;
/*!40000 ALTER TABLE `student` DISABLE KEYS */;
INSERT INTO `student` VALUES ('000000001','John','Doe'),('000000002','Jane','Doe'),('000000003','Billy','Bob');
/*!40000 ALTER TABLE `student` ENABLE KEYS */;
UNLOCK TABLES;

--
-- Table structure for table `student_course`
--

DROP TABLE IF EXISTS `student_course`;
/*!40101 SET @saved_cs_client     = @@character_set_client */;
/*!40101 SET character_set_client = utf8 */;
CREATE TABLE `student_course` (
  `id` int(11) NOT NULL AUTO_INCREMENT,
  `student_id` varchar(9) NOT NULL,
  `course_id` int(11) NOT NULL,
  PRIMARY KEY (`id`),
  KEY `student_id` (`student_id`),
  KEY `course_id` (`course_id`),
  CONSTRAINT `student_course_ibfk_1` FOREIGN KEY (`student_id`) REFERENCES `student` (`id`) ON DELETE CASCADE ON UPDATE CASCADE,
  CONSTRAINT `student_course_ibfk_2` FOREIGN KEY (`course_id`) REFERENCES `course` (`id`) ON DELETE CASCADE ON UPDATE CASCADE
) ENGINE=InnoDB DEFAULT CHARSET=latin1;
/*!40101 SET character_set_client = @saved_cs_client */;

--
-- Dumping data for table `student_course`
--

LOCK TABLES `student_course` WRITE;
/*!40000 ALTER TABLE `student_course` DISABLE KEYS */;
/*!40000 ALTER TABLE `student_course` ENABLE KEYS */;
UNLOCK TABLES;

--
-- Table structure for table `student_major`
--

DROP TABLE IF EXISTS `student_major`;
/*!40101 SET @saved_cs_client     = @@character_set_client */;
/*!40101 SET character_set_client = utf8 */;
CREATE TABLE `student_major` (
  `id` int(11) NOT NULL AUTO_INCREMENT,
  `major_id` int(11) NOT NULL,
  `student_id` varchar(9) NOT NULL,
  PRIMARY KEY (`id`),
  KEY `major_id` (`major_id`),
  KEY `student_id` (`student_id`),
  CONSTRAINT `student_major_ibfk_1` FOREIGN KEY (`major_id`) REFERENCES `major` (`id`) ON DELETE CASCADE ON UPDATE CASCADE,
  CONSTRAINT `student_major_ibfk_2` FOREIGN KEY (`student_id`) REFERENCES `student` (`id`) ON DELETE CASCADE ON UPDATE CASCADE
) ENGINE=InnoDB DEFAULT CHARSET=latin1;
/*!40101 SET character_set_client = @saved_cs_client */;

--
-- Dumping data for table `student_major`
--

LOCK TABLES `student_major` WRITE;
/*!40000 ALTER TABLE `student_major` DISABLE KEYS */;
/*!40000 ALTER TABLE `student_major` ENABLE KEYS */;
UNLOCK TABLES;
/*!40103 SET TIME_ZONE=@OLD_TIME_ZONE */;

/*!40101 SET SQL_MODE=@OLD_SQL_MODE */;
/*!40014 SET FOREIGN_KEY_CHECKS=@OLD_FOREIGN_KEY_CHECKS */;
/*!40014 SET UNIQUE_CHECKS=@OLD_UNIQUE_CHECKS */;
/*!40101 SET CHARACTER_SET_CLIENT=@OLD_CHARACTER_SET_CLIENT */;
/*!40101 SET CHARACTER_SET_RESULTS=@OLD_CHARACTER_SET_RESULTS */;
/*!40101 SET COLLATION_CONNECTION=@OLD_COLLATION_CONNECTION */;
/*!40111 SET SQL_NOTES=@OLD_SQL_NOTES */;

-- Dump completed on 2013-12-02 14:43:01
